allwise_oid,source_id,original_ext_source_id,angular_distance,number_of_neighbours,number_of_mates,best_neighbour_multiplicity,proper_motion_flag
36303997,4660670086080134912,"J053557.91-661034.7 ",0.19036540891707054,1,0,1,0
41905987,4675338120949840768,"J043600.31-642359.4 ",0.10096810111668811,1,0,1,0
36935503,4660538247763017344,"J052458.02-655813.1 ",0.15002997164611595,1,0,1,0
38978613,4663209992299609088,"J044259.60-651852.7 ",0.36172669302810173,1,0,1,0
38188152,4663197863313540736,"J044256.56-653358.8 ",1.3118705024734127,1,0,1,0
35039465,4659533431574807936,"J053804.33-663537.4 ",0.041592776198535075,1,0,1,0
43961012,4673212322590824064,"J035335.89-634619.8 ",0.6501713323606596,1,0,1,0
33752508,4659639053413432064,"J054906.73-670136.4 ",0.16468713199180382,1,0,1,0
35186954,4662677656874460032,"J044044.90-663240.6 ",1.245977592159754,1,0,1,0
37370451,4662958822614225280,"J045335.28-654950.0 ",0.24579722111675142,1,0,1,0
45807337,4677006011368736384,"J043759.64-631308.2 ",1.0548370250544552,1,0,1,0
53653233,4676957117461314432,"J041357.05-605658.2 ",0.8169108782138695,1,0,1,0
37774994,4663524349548266112,"J051605.55-654158.6 ",0.21942936506647087,1,0,1,0
37867750,4663020086028882816,"J044854.06-654011.4 ",1.1430769431725563,1,0,1,0
39286559,4660658266331533056,"J051822.04-651301.4 ",0.22700905597872967,1,0,1,0
36694194,4660502170039766528,"J051950.40-660254.7 ",0.22895800561094992,1,0,1,0
36574455,4662794033307257216,"J043905.98-660515.8 ",0.271874906327896,1,0,1,0
33948207,4659824497218498944,"J054603.53-665739.0 ",0.2198293082208152,1,0,1,0
36658143,4659803636559757056,"J055125.46-660337.2 ",0.7286636777144064,1,0,1,0
47955683,4676532396735780608,"J041709.84-623452.5 ",0.7340543137155427,1,0,1,0
36517084,4660534021535514752,"J052553.84-660623.4 ",0.16453629719918497,1,0,1,0
34171192,4659661627758216320,"J055026.35-665307.3 ",0.4053004535703507,1,0,1,0
37786552,4674783864009351040,"J043202.15-654145.2 ",0.26980609912124187,1,0,1,0
38416194,4662838838404846464,"J044034.30-652935.3 ",0.15308189842790387,1,0,1,0
34167298,4659836828085553664,"J054510.59-665312.0 ",0.024301696059683284,1,0,1,0
36332803,4660670086080146304,"J053551.38-661000.5 ",0.42889982035778673,1,0,1,0
36348125,4660540927842904576,"J052243.96-660942.3 ",0.03416278438057391,1,0,1,0
36695215,4660501482845004800,"J051849.34-660253.5 ",0.431141344427749,1,0,1,0
35701522,4662774345176819072,"J044111.44-662227.9 ",1.9455702832971704,1,1,1,0
38823885,4660636108605888896,"J051948.02-652149.1 ",0.09503177774760761,1,0,1,0
35200909,4662537125547902720,"J045136.18-663223.9 ",0.13220630154730212,1,0,1,0
38436202,4663061317714625792,"J045247.66-652912.5 ",0.6495018763414654,1,0,1,0
38141962,4660772654203382656,"J053128.85-653452.4 ",1.1623559368576988,1,0,1,0
42072731,4675352277161133568,"J043435.96-642058.9 ",0.2820377396566992,1,0,1,0
44195389,4673214109297259776,"J035356.10-634204.2 ",1.6414556943791594,1,0,1,0
41821335,4675234491978981760,"J041929.02-642533.4 ",0.2381097048541076,1,0,1,0
34935164,4659533809531913088,"J053728.29-663743.1 ",0.05994311533976439,1,0,1,0
43246004,4675973947907563904,"J041055.60-635920.5 ",0.4233889415664794,1,0,1,0
34580687,4662654910725565440,"J043559.97-664448.5 ",1.0129760291432985,1,0,1,0
38651736,4662877802347897472,"J043455.67-652505.6 ",0.035155380654160205,1,0,1,0
37596229,4662958169779728640,"J045154.08-654526.6 ",0.15848076470498323,1,0,1,0
34919066,4659673997271259904,"J054932.33-663802.6 ",0.04050782754652519,1,0,1,0
33809221,4659638675456505344,"J054940.19-670027.7 ",0.18272398209571042,1,0,1,0
41030667,4675168177683130496,"J042529.15-644012.9 ",0.5738515519870929,1,0,1,0
34293507,4662511733699815296,"J044726.11-665038.4 ",0.43954412468058157,1,0,1,0
38412367,4663060527440636416,"J045308.53-652939.8 ",0.11381628202319259,1,0,1,0
34183844,4659523845208113280,"J053808.95-665252.0 ",0.15015154128384647,1,0,1,0
34775165,4659532469502080512,"J053825.01-664055.1 ",0.1434659953699215,1,0,1,0
34412247,4662647523381657088,"J043740.17-664813.1 ",1.0683943915734893,1,0,1,0
39635549,4662348181341882368,"J045654.22-650623.2 ",0.18511772367622067,1,0,1,0
35975949,4660665447536261888,"J053734.56-661701.7 ",0.08438159748801971,1,0,1,0
40299938,4674974457479225088,"J042731.56-645351.9 ",1.0277798824413,1,0,1,0
34716007,4659670423858142720,"J055030.75-664205.9 ",0.04717262182585703,1,0,1,0
36961334,4662622956171650944,"J044342.65-655742.9 ",0.18600690844123982,1,0,1,0
48156060,4674099211863344256,"J033052.77-623119.1 ",0.03926438174774466,1,0,1,0
37993247,4662871102199022080,"J043528.35-653745.7 ",2.0331955224808054,1,0,1,0
41229935,4672891260900478464,"J033506.44-643630.7 ",0.055156404283171374,1,0,1,0
39452830,4660656685783619840,"J051944.17-650951.3 ",0.08179634301474374,1,0,1,0
39761566,4663050734911261440,"J044701.52-650359.8 ",1.3947270395406226,1,0,1,0
34561284,4659525597553927680,"J053717.36-664511.9 ",0.08223994429701395,1,0,1,0
37446756,4662956692310670720,"J045225.75-654820.8 ",0.49441020605069863,1,0,1,0
43192160,4673191908611877632,"J035623.01-640019.4 ",0.10451531960829337,1,0,1,0
45681286,4675505349795989632,"J043659.41-631523.3 ",1.0411666573402145,1,0,1,0
34626164,4662508297725379200,"J045000.49-664354.0 ",0.05836924979780561,1,0,1,0
34408682,4662478370390669184,"J044144.22-664817.4 ",1.3133620005311788,1,0,1,0
34719576,4659667537640350336,"J054927.74-664201.7 ",0.11196477810248041,1,0,1,0
43181021,4675586095181133184,"J042625.53-640031.7 ",0.5521080443054688,1,0,1,0
35811645,4659729041566075904,"J055806.18-662016.9 ",0.04261501198509336,1,0,1,0
37118195,4660594975711981952,"J052056.92-655440.0 ",0.031205153400902994,1,0,1,0
34207854,4659510170032228736,"J054006.32-665222.9 ",0.1670973264929617,1,0,1,0
34276076,4659512437774965120,"J054143.24-665059.8 ",0.08671028745345521,1,0,1,0
37114486,4660735614400483840,"J053152.89-655444.3 ",0.25444924816753794,1,1,1,0
37695699,4660755504388232832,"J052804.92-654330.6 ",0.16201178697246904,1,0,1,0
38243379,4660623631714663680,"J051756.60-653255.0 ",0.4969201189984424,1,0,1,0
34926816,4659530133071418368,"J053845.27-663753.3 ",0.11496858351943057,1,0,1,0
33903784,4662496031298900480,"J044934.00-665833.0 ",0.035497168009199234,1,0,1,0
42310696,4675342106679544832,"J043543.90-641633.5 ",0.36898376845787456,1,0,1,0
38069976,4660725130382008704,"J053458.36-653616.3 ",0.1505132487590717,1,0,1,0
33482639,4659502061133359232,"J054202.99-670707.1 ",0.29795558950262524,1,0,1,0
40820302,4663164534367558016,"J045032.37-644408.3 ",0.09550594992751946,1,0,1,0
36370128,4660684654609260544,"J053333.92-660916.4 ",0.27155794327738325,1,0,1,0
46062546,4675708450209210368,"J042211.43-630832.9 ",0.053448507677097364,1,0,1,0
41024978,4675881210974037504,"J041145.52-644019.1 ",0.0894967792400982,1,0,1,0
35858753,4662558291142397056,"J044822.73-661920.8 ",0.06802206566341673,1,0,1,0
34769076,4659518588169281920,"J054011.46-664102.5 ",0.07292292843328413,1,0,1,0
37868775,4674792419584801792,"J042925.65-654010.2 ",1.6528828101561703,1,0,1,0
39015679,4660640158749267584,"J052141.18-651810.5 ",0.018724182057066538,1,0,1,0
36515935,4660500142815114112,"J051927.63-660624.8 ",0.028872948752339804,1,0,1,0
40040512,4663102515038394368,"J045543.36-645844.0 ",0.8766701989851077,1,0,1,0
35482454,4662539255852095360,"J045158.39-662649.9 ",0.13321603549333427,1,0,1,0
40114665,4663139451758095232,"J044942.19-645720.3 ",1.0527962738740388,1,0,1,0
37774018,4662301662562963456,"J045713.81-654159.7 ",1.1363525257615774,1,0,1,0
37790673,4660711764442581760,"J053644.78-654140.4 ",0.27229068566545855,1,0,1,0
37775105,4660718945628956800,"J053432.03-654158.5 ",0.12710334026365688,1,0,1,0
34608568,4659714060749085568,"J055850.58-664415.1 ",1.5488870099676402,1,0,1,0
43018415,4673752315944664576,"J033607.83-640330.7 ",0.05576523695640813,1,0,1,0
36876012,4674761839418372480,"J042649.32-655922.5 ",1.5407375849802172,1,0,1,0
40522608,4663116155855720448,"J045136.17-644941.9 ",1.0753982872726122,1,0,1,0
35816450,4662212322937204480,"J050256.08-662011.1 ",0.021085734211800104,1,0,1,0
34336270,4659662074441795456,"J055001.08-664945.7 ",0.08211238150101645,1,0,1,0
39722113,4660660259196482944,"J051725.89-650444.7 ",0.017572416435326414,1,0,1,0
41321953,4674994454845869312,"J043104.58-643448.4 ",0.6356735215411574,1,0,1,0
38682112,4675028024310945920,"J042204.10-652431.1 ",0.05472693606391468,1,0,1,0
33620688,4659483339391441408,"J054003.14-670417.6 ",0.3977332631109939,1,0,1,0
42707788,4675910485471619968,"J041605.14-640912.8 ",0.19996641113362496,1,0,1,0
42615938,4675923885769556736,"J041433.49-641053.6 ",0.1869839211314099,1,0,1,0
36439392,4660506087049832704,"J051724.68-660755.1 ",0.5869032276828092,1,0,1,0
45751453,4675683711197544960,"J042111.32-631408.1 ",0.7742108548564578,1,0,1,0
33818118,4659648158744374784,"J055124.13-670016.7 ",0.3985550187913287,1,0,1,0
35936052,4662213529841417600,"J050405.23-661749.1 ",0.13393927023187852,1,0,1,0
34669208,4662564029222359424,"J044450.71-664302.4 ",0.10685261191262585,1,0,1,0
37298829,4660517082166451712,"J051756.50-655114.0 ",0.145132463404419,1,0,1,0
38521148,4660631706253346176,"J052059.54-652735.1 ",0.03295233901451371,1,0,1,0
44491479,4673783587601031424,"J033418.70-633643.5 ",0.373035282325566,1,0,1,0
40593042,4674984662321623936,"J042925.01-644822.7 ",1.124216888885102,1,0,1,0
35772775,4662212219857980416,"J050235.63-662103.1 ",0.046502039851444854,1,0,1,0
37610863,4662259258338052480,"J050343.93-654509.6 ",0.06151726537640509,1,0,1,0
41049329,4663319874742157312,"J043839.98-643952.2 ",0.5376662372707802,1,0,1,0
35761164,4660441799977683840,"J052120.79-662116.9 ",0.10667694142554832,1,0,1,0
37628550,4660697402072944128,"J053301.61-654448.8 ",0.08155756057250028,1,0,1,0
34466321,4659526044231432832,"J053807.07-664707.1 ",0.7172158189840502,1,0,1,0
44355565,4675434328216927744,"J043128.24-633910.6 ",0.9995948000927473,1,0,1,0
35386964,4659536627030525568,"J053742.34-662843.4 ",0.06403477319866649,1,0,1,0
38228875,4660586076520533888,"J052414.23-653311.6 ",0.26999814242591597,1,0,1,0
35856989,4662169029669175296,"J045530.27-661923.0 ",0.030989161831491117,1,0,1,0
40093421,4674959029956615424,"J042921.24-645744.3 ",0.20909190232399058,1,0,1,0
35958971,4660665962911418112,"J053646.88-661721.8 ",0.17551828549627885,1,0,1,0
38390739,4675020877485346944,"J042218.59-653004.7 ",0.7514061207287908,1,0,1,0
35563396,4660472384464446080,"J051714.73-662513.3 ",0.059423476098819,1,0,1,0
38268082,4660724065230216448,"J053259.25-653226.4 ",0.43659776597232935,1,0,1,0
38665229,4660767289779516032,"J052814.41-652450.2 ",0.07913548070357013,1,0,1,0
36926077,4662755206804675072,"J043503.95-655824.0 ",0.36969724082894934,1,0,1,0
35907977,4662741050592031488,"J043540.65-661822.6 ",0.8424593725032531,1,0,1,0
37397212,4662255856723858944,"J050425.62-654918.8 ",0.20325754789293052,1,0,1,0
35444757,4662152777512757632,"J045700.03-662734.8 ",0.22475887674641587,1,0,1,0
40026327,4674926628722803712,"J043308.11-645859.9 ",0.2349798916430843,1,0,1,0
37017359,4660594013619241088,"J052024.19-655637.7 ",0.032997750443432276,1,0,1,0
34874104,4660419706665078784,"J052504.74-663856.2 ",0.29836838514288094,1,0,1,0
43631177,4673738400250428416,"J032822.93-635218.1 ",0.0304045184445906,1,0,1,0
34188170,4659465227502800640,"J054331.69-665246.7 ",0.046243215498908266,1,0,1,0
39330891,4674870072593934720,"J042527.15-651211.1 ",1.5574375814460406,1,0,1,0
34183864,4659650598322794624,"J055156.93-665252.0 ",0.6808844382311151,1,0,1,0
35754230,4662739366963426560,"J043527.37-662125.3 ",1.1497025018248597,1,0,1,0
36625428,4660510107151732480,"J051551.97-660415.8 ",0.25253632114390295,1,0,1,0
38685304,4660634940374710016,"J052024.80-652427.4 ",0.01726907362288247,1,0,1,0
40071201,4663245451548513664,"J044342.25-645809.3 ",1.2585804950635489,1,0,1,0
36517698,4662231117714453120,"J050143.51-660622.8 ",0.14054656635327853,1,0,1,0
38704988,4674895704958457472,"J043040.35-652404.9 ",0.31178185922066565,1,0,1,0
33665176,4659495154825994880,"J053945.20-670323.1 ",0.022981218680343807,1,0,1,0
38925680,4660641326980336512,"J052045.53-651952.9 ",0.23144767252075188,1,0,1,0
38513058,4662313924682950016,"J045519.22-652744.5 ",0.7100743313721836,1,0,1,0
37393716,4662253107944787200,"J050345.23-654922.8 ",0.07152924860527511,1,0,1,0
36453534,4660535224113719552,"J052506.39-660738.3 ",0.14673959285355134,1,0,1,0
38416083,4660771378589984768,"J053227.60-652935.4 ",0.1465271465682743,1,0,1,0
33728422,4659494879948476032,"J053840.74-670205.9 ",0.09619708976889603,1,0,1,0
39126137,4660654074443378432,"J051928.47-651604.5 ",0.37831789554866885,1,0,1,0
33989507,4659499759031442432,"J053753.67-665648.6 ",0.021055561615834956,1,0,1,0
39199106,4662332856898493312,"J045855.08-651441.2 ",0.08051771972513162,1,0,1,0
37000113,4660552988090833152,"J052227.24-655657.8 ",0.23229718215556094,1,0,1,0
41338436,4663324375867979392,"J043714.48-643430.0 ",0.4808204671591743,1,0,1,0
35998748,4660492308793390848,"J051832.50-661634.7 ",0.27142464354222146,1,1,1,0
36108104,4662592685241825408,"J044324.14-661425.9 ",0.2672263572989758,1,0,1,0
33580629,4659494124040684032,"J053846.38-670507.0 ",0.06808036247960177,1,0,1,0
37063280,4662247958279243136,"J050336.46-655544.0 ",1.3868186368340911,1,0,1,0
38748559,4660638543841416832,"J052157.52-652315.0 ",0.03755123664902294,1,0,1,0
35393537,4660436611656759424,"J052301.61-662835.7 ",0.0769130365014457,1,0,1,0
33606489,4659456740670442752,"J054303.34-670435.2 ",0.1020163196436838,1,0,1,0
35872029,4662166521407252096,"J045305.78-661905.2 ",0.014745429548427268,1,0,1,0
35684977,4660475438161552128,"J051532.46-662247.7 ",0.08278902810598897,1,0,1,0
36573213,4660682356820865664,"J053355.55-660517.3 ",0.3084940330424559,1,0,1,0
40932888,4669922442066813184,"J040738.94-644202.2 ",0.4884797753951869,1,0,1,0
36405756,4660505915251127552,"J051701.15-660834.5 ",0.07158871844856964,1,0,1,0
38565896,4660622772721426432,"J051831.54-652643.8 ",0.09105599321556183,1,0,1,0
38100490,4660623081958741376,"J051750.02-653540.6 ",0.1123155424423981,1,0,1,0
39183307,4660652287737015552,"J051815.08-651459.1 ",0.2934343163218099,1,0,1,0
36204696,4662220122597975680,"J050417.15-661232.0 ",0.04838354906060578,1,0,1,0
47626240,4676518584120873216,"J041350.56-624042.0 ",0.16492254288309996,1,0,1,0
39052228,4660640399267458688,"J052123.40-651728.7 ",0.15823838877730198,1,0,1,0
36322888,4668938963275989376,"J041149.14-661012.5 ",0.29760044645833506,1,0,1,0
42738095,4670148872742513152,"J040346.22-640839.4 ",0.3712882578413568,1,0,1,0
44482283,4675294449721423360,"J042111.30-633653.5 ",0.7787412895697169,1,0,1,0
35531318,4660430358183955712,"J052439.00-662551.6 ",0.10174837498465002,1,0,1,0
36926526,4660690701922977408,"J053427.19-655823.5 ",0.43854633943607146,1,0,1,0
36991085,4660547146936091136,"J052209.70-655708.3 ",0.27313368228299506,1,0,1,0
38344715,4669066540984022144,"J041320.41-653057.7 ",1.394811490937544,1,0,1,0
36802737,4660537698007124480,"J052448.35-660047.9 ",0.10461908764687171,1,0,1,0
34001939,4659464024903476352,"J054248.04-665633.5 ",0.41094359978387873,1,0,1,0
37496794,4662256165961554944,"J050407.81-654722.2 ",0.08374220714021592,1,0,1,0
41745880,4675151616289705088,"J041805.88-642657.0 ",0.6198298183341843,1,0,1,0
37130517,4660550960866314880,"J052345.70-655425.5 ",0.11011328926666071,1,0,1,0
36129092,4660484062457441024,"J051545.18-661401.3 ",0.07375798418538242,1,0,1,0
41956625,4675190889470416768,"J042143.50-642302.9 ",2.1500675462781738,1,0,1,0
40701962,4675302799139158656,"J043508.98-644620.5 ",1.0300470728752749,1,0,1,0
36674007,4660678091899331968,"J053626.24-660318.5 ",0.10611866168796262,1,0,1,0
37447542,4662631443027168256,"J044426.45-654819.9 ",1.0620518735272588,1,0,1,0
36455179,4662194799470821760,"J045450.00-660736.5 ",0.040478156691705285,1,0,1,0
33596155,4659458527346797696,"J054455.57-670447.9 ",0.21377490087852632,1,0,1,0
36611796,4662222974456541440,"J050335.88-660431.9 ",0.05511763075994086,1,0,1,0
36169380,4662030044525455744,"J050616.59-661313.6 ",0.045277033486967586,1,0,1,0
34950299,4660413384477228928,"J052032.06-663724.5 ",0.0757612479919184,1,0,1,0
36397653,4662174733383608448,"J045343.65-660844.0 ",0.07639622505577752,1,0,1,0
33834168,4659461241765373184,"J054410.92-665957.3 ",0.16721402656194004,1,0,1,0
36194461,4660526118774786304,"J052519.43-661244.1 ",0.13179253705400756,1,0,1,0
36084017,4662216686624068224,"J050142.58-661454.1 ",0.27277908023000536,1,0,1,0
34835045,4660413109598489728,"J052055.55-663943.3 ",0.020827357564772463,1,0,1,0
34641854,4660408471034428928,"J052224.42-664335.1 ",0.07324578176002967,1,0,1,0
36029352,4662603405479194240,"J044506.21-661558.3 ",0.7762731234459342,1,0,1,0
36449378,4662221909304531328,"J050426.85-660743.3 ",0.3004542691460894,1,0,1,0
36596769,4660545325868524288,"J052132.46-660449.6 ",0.2855379380850555,1,0,1,0
37723474,4662259670654948864,"J050332.07-654258.2 ",0.019436074616384975,1,0,1,0
34909766,4660456471589139584,"J051814.61-663813.7 ",0.04124667497624371,1,0,1,0
33785008,4659460623290935168,"J054509.42-670056.9 ",0.06699205417166802,1,0,1,0
36892751,4662232732622395008,"J050045.56-655903.1 ",0.07527630477216837,1,0,1,0
38492568,4669077982776919552,"J041505.55-652807.9 ",1.7933717644956728,1,0,1,0
36329565,4660485780444420480,"J051603.04-661004.4 ",0.011629752336301093,1,0,1,0
36988328,4668818910351052416,"J042317.43-655711.4 ",0.6622373834390343,1,0,1,0
35872307,4660479561330357632,"J051640.86-661904.9 ",0.16577184537980014,1,0,1,0
39359637,4669806340510840320,"J040337.78-651138.3 ",0.05449845054205755,1,0,1,0
36917837,4660373802057686528,"J052832.54-655833.7 ",0.09113742093667934,1,0,1,0
36974214,4660561578025388544,"J052519.34-655727.8 ",0.6840519295983133,1,0,1,0
35098777,4660434309554068736,"J052233.44-663426.3 ",0.10241833573614517,1,1,1,0
38653381,4660635451464929408,"J051944.42-652503.7 ",0.2710006555167886,1,0,1,0
36948889,4662059834416650112,"J050555.38-655757.5 ",0.1080393269743004,1,0,1,0
38736962,4660646790178649216,"J051836.26-652328.1 ",0.05958582310550809,1,0,1,0
33949889,4660388100001121408,"J052336.75-665736.9 ",0.17403593483011645,1,0,1,0
36289784,4660493958061037312,"J051920.32-661051.3 ",0.13562174321968198,1,0,1,0
35513486,4662161539244841216,"J045426.54-662612.9 ",0.05446392960038405,1,0,1,0
36574125,4660357618622960512,"J053158.91-660516.2 ",0.18343970720497701,1,0,1,0
37280852,4660517013446970240,"J051802.34-655134.9 ",0.5008475839276278,1,0,1,0
34347652,4660393558907732736,"J052434.82-664931.7 ",0.5084945545031402,1,0,1,0
35319779,4662159615099360256,"J045349.20-663003.1 ",0.5891998250295636,1,0,1,0
34954458,4662145596327180928,"J045558.86-663719.6 ",0.23040729226445128,1,0,1,0
37005181,4660514195948344064,"J051805.41-655651.8 ",0.17905939921913597,1,0,1,0
35795617,4660442212293681792,"J052124.06-662036.0 ",0.06473367615933172,1,0,1,0
36347492,4660540962182032128,"J052234.61-660943.1 ",0.0835261124190005,1,0,1,0
35597096,4662161951561786624,"J045427.82-662433.1 ",0.16146952204242807,1,0,1,0
36622407,4660360058164406400,"J053033.52-660419.3 ",0.19358759461240885,1,0,1,0
34272388,4660389848076135168,"J052303.52-665104.4 ",0.15498608376080447,1,0,1,0
36521493,4660533471759120256,"J052639.59-660618.3 ",0.19212735214268178,1,0,1,0
35988109,4662213559887841152,"J050404.35-661647.4 ",0.12553585974269701,1,0,1,0
35678144,4660347104542546688,"J053107.16-662256.0 ",0.11211438703706678,1,0,1,0
38797955,4662326981392053760,"J045955.08-652218.7 ",1.5222839715329375,1,1,1,0
36231279,4662193566825008512,"J045524.60-661200.5 ",0.42647737217469245,1,0,1,0
35749776,4660478461818577408,"J051721.25-662130.5 ",0.08895875002381787,1,0,1,0
35322742,4662153739585365632,"J045631.20-662959.5 ",0.21975155296966095,1,0,1,0
35424085,4662117386979135104,"J050238.54-662759.5 ",0.07917397311481231,1,1,1,0
34579519,4660408711572639232,"J052209.60-664449.9 ",0.12172474734116878,1,0,1,0
35011567,4660422318005315968,"J052329.16-663611.0 ",0.26279865938160696,1,0,1,0
38847195,4669080216159966080,"J041530.70-652122.6 ",0.722048902134556,1,0,1,0
35999190,4662122747098589440,"J050126.86-661634.1 ",0.09180055794723462,1,0,1,0
35760388,4660476640752475008,"J051556.75-662117.8 ",0.056629444115885955,1,0,1,0
35906718,4660445171543623680,"J052321.98-661824.1 ",0.09275217754292255,1,0,1,0
34898462,4660422146206576384,"J052328.01-663827.2 ",0.1840933558028922,1,0,1,0
35555207,4662125942554061440,"J050018.99-662523.2 ",0.6150007293399702,1,0,1,0
36244443,4662217992294214272,"J050243.71-661144.9 ",0.1159989712678058,1,0,1,0
36887732,4662062445756734336,"J050637.59-655908.9 ",0.3675827585412214,1,0,1,0
36183629,4662137075112678016,"J045927.40-661256.9 ",0.05540814010504228,1,0,1,0
36147773,4668928208677754752,"J040840.19-661339.1 ",0.9642916611080157,1,0,1,0
36066797,4668948584002592000,"J041107.89-661514.0 ",0.6815065158320592,1,0,1,0
36537339,4660359611487791872,"J053022.15-660559.4 ",0.566462383681987,1,0,1,0
35905147,4660491449799837184,"J051902.94-661826.0 ",0.0859361029584943,1,0,1,0
35407229,4662011284107401216,"J050907.18-662819.5 ",0.25197243834269856,1,0,1,0
34571916,4662105670307843840,"J050237.15-664459.1 ",0.13276804210893395,1,0,1,0
34801836,4660312847882811136,"J053018.86-664023.0 ",0.0061971519991382285,1,0,1,0
43639372,4664673304844027392,"J045432.22-635209.0 ",1.3147370613814948,1,0,1,0
36110218,4660351983622995840,"J052925.61-661423.3 ",0.03585798402699734,1,0,1,0
36385133,4660345455273335040,"J052711.74-660858.7 ",0.18568965079120983,1,0,1,0
35625118,4662015407276312448,"J050724.95-662359.6 ",0.5938354356125172,1,0,1,0
36833439,4662058979752334592,"J050455.36-660012.1 ",0.2658314492973487,1,0,1,0
37206733,4660378062665341696,"J052736.19-655257.4 ",0.16201669265662313,1,0,1,0
36418100,4660450424293972864,"J052158.97-660819.9 ",0.16592836659796914,1,0,1,0
42548459,4664694917111722496,"J044921.03-641208.5 ",1.926286868420396,1,0,1,0
35829597,4660479458251092352,"J051648.89-661955.6 ",0.08366260959941532,1,0,1,0
35340651,4660429774068753280,"J052430.10-662938.2 ",0.09066721563072629,1,0,1,0
42390660,4664693199132554880,"J044922.57-641504.4 ",0.2957534107514228,1,0,1,0
35074835,4660455582547443072,"J051931.59-663454.8 ",0.4181945651761599,1,0,1,0
43088047,4664670457274338048,"J045358.74-640213.9 ",0.937006765449471,1,0,1,0
43257295,4664714880120551680,"J045117.02-635908.3 ",0.4657467202135938,1,0,1,0
36073433,4660489697453313536,"J052038.58-661506.3 ",0.592640070286948,1,0,1,0
36894243,4660546631539190784,"J052206.41-655901.3 ",0.021248885953280876,1,0,1,0
37196566,4668819734984802816,"J042313.05-655308.6 ",1.2812913990746093,1,0,1,0
35732192,4662130649841377792,"J045856.43-662151.3 ",0.5598493271174934,1,0,1,0
34814533,4662004274754534656,"J050709.88-664007.8 ",0.22095851202060998,1,0,1,0
35878390,4660482619347082368,"J051617.08-661857.7 ",0.08825419572153877,1,0,1,0
34650346,4662095671627197312,"J045726.22-664325.0 ",0.0988154736817722,1,0,1,0
35296559,4660332948327965952,"J052731.13-663030.6 ",0.03309108728047789,1,0,1,0
36355987,4660531581973425920,"J052612.84-660932.9 ",0.34225497005583233,1,0,1,0
34849559,4660314153552791168,"J053051.03-663926.0 ",0.26343873344434166,1,0,1,0
36072227,4660490384648091520,"J051938.64-661507.7 ",0.10378268281217275,1,0,1,0
34432747,4660261823697024640,"J053256.97-664747.9 ",0.4558181746864945,1,0,1,0
45431581,4664994774549515648,"J044401.05-631950.0 ",1.146005102023522,1,0,1,0
36271829,4660353048803584384,"J053022.38-661112.4 ",0.02380890626792017,1,0,1,0
34972299,4662006267585186048,"J050726.77-663658.4 ",0.2860132574839864,1,0,1,0
37687469,4662069730021508864,"J050547.86-654340.2 ",0.3842041532339801,1,0,1,0
35835105,4662024787485139328,"J050445.60-661948.9 ",0.04018821492944198,1,0,1,0
35865141,4662016614180522752,"J050705.35-661913.4 ",0.4582871732270847,1,0,1,0
37134986,4660363494136239360,"J052958.41-655420.3 ",0.09023378737569544,1,0,1,0
36137408,4662214521960582656,"J050308.08-661351.5 ",0.0197663582377004,1,0,1,0
35689098,4662129825207639040,"J045913.07-662242.8 ",0.49029264322544097,1,0,1,0
33509088,4660381704797640576,"J052437.59-670634.7 ",0.2594359013012554,1,0,1,0
34770275,4662142366511691776,"J045623.30-664101.1 ",0.18268895018478248,1,0,1,0
34660372,4660265397080597248,"J053242.38-664313.0 ",0.20601437636127548,1,0,1,0
43998471,4664814832598683136,"J045350.95-634538.9 ",0.6790932491022897,1,0,1,0
35441931,4661978504917020160,"J051308.02-662738.1 ",0.4940244435707903,1,0,1,0
36341810,4660309343190455680,"J053327.07-660949.8 ",0.05554236850337004,1,0,1,0
36183726,4662041589397554432,"J050819.94-661256.8 ",0.6894349611238436,1,0,1,0
43078724,4664889805547553664,"J044656.27-640224.2 ",1.069344213688733,1,0,1,0
35550860,4660474544811767168,"J051603.88-662528.4 ",0.13877092714692194,1,0,1,0
35641528,4660335319150174464,"J052718.13-662340.2 ",0.4366984696440301,1,0,1,0
43387805,4664718109942841728,"J045324.08-635645.0 ",0.1975585475784413,1,0,1,0
35780645,4660302784791234432,"J053433.74-662053.8 ",0.7733100992466014,1,0,1,0
36567524,4660498356107642240,"J052051.30-660524.0 ",0.09984875108005399,1,0,1,0
35715090,4660479320812001152,"J051652.94-662211.8 ",0.21811356023639844,1,0,1,0
44363411,4664738828859359104,"J045100.80-633902.2 ",1.1239885137817585,1,0,1,0
35754753,4661991733416724480,"J051158.80-662124.6 ",0.21707775285629685,1,0,1,0
42092714,4664656296767530752,"J045510.12-642036.8 ",0.6258373187467235,1,0,1,0
35481701,4660474441732538368,"J051547.87-662650.8 ",0.04779017171258669,1,0,1,0
34898490,4660316421293826944,"J052919.04-663827.2 ",0.08241650412323084,1,0,1,0
35823611,4662133815257827968,"J050105.36-662002.7 ",0.4796673410933675,1,0,1,0
36426200,4660309652428137600,"J053256.43-660810.6 ",0.13315792567681015,1,0,1,0
34893473,4660313706876220544,"J053132.19-663833.1 ",0.48806689191464897,1,0,1,0
36265436,4660485127609364864,"J051650.40-661120.0 ",0.13652726848725122,1,0,1,0
35662651,4661991286740007424,"J051153.45-662314.7 ",0.11053710751435064,1,0,1,0
35328039,4662007332737395072,"J050713.41-662953.4 ",0.5659374977551072,1,0,1,0
35008863,4661967715962150912,"J051404.14-663614.3 ",0.15778747449355368,1,0,1,0
35032279,4661961153248747648,"J050947.91-663546.0 ",0.05075690086987981,1,0,1,0
35270196,4660318345441234432,"J052940.61-663101.7 ",0.04834999372432314,1,0,1,0
36047133,4660351124632210944,"J053037.79-661537.2 ",0.0908156053890238,1,0,1,0
35458250,4660430770501280000,"J052350.68-662718.8 ",0.15512381778157416,1,0,1,0
35628150,4660334631955405952,"J052653.19-662355.9 ",0.1884547061398441,1,0,1,0
36197359,4662138380779591680,"J045958.43-661240.6 ",0.14427891684841365,1,0,1,0
42989778,4664713540090686464,"J045147.33-640402.4 ",2.417949069702892,1,0,1,0
35194530,4661962802535770624,"J050954.47-663231.6 ",0.34782540760744457,1,0,1,0
35860607,4662028532696658944,"J050625.88-661918.6 ",0.212044008007798,1,0,1,0
35987230,4661993554483128576,"J051156.20-661648.4 ",0.9683416656954718,1,0,1,0
35210389,4661972526325612672,"J051209.71-663212.7 ",0.052536558626680774,1,0,1,0
34551584,4660232759665049216,"J052750.33-664523.6 ",0.3569571275265663,1,0,1,0
35076567,4662006679902119424,"J050718.60-663452.8 ",0.16592178384098172,1,0,1,0
36582924,4660451523784247680,"J052122.21-660505.7 ",0.07675211706034474,1,0,1,0
40188249,4663850084170580736,"J045837.01-645557.3 ",0.3808068492630809,1,0,1,0
35742373,4662024753125294720,"J050448.45-662139.2 ",0.16359795431727311,1,0,1,0
45615517,4664986631291607424,"J044140.76-631633.6 ",0.10148856703737943,1,0,1,0
34040537,4660248221506229248,"J053437.97-665546.5 ",0.3090885051413354,1,1,1,0
35204681,4661963558430577536,"J050951.78-663219.4 ",0.13450511093192932,1,0,1,0
41977217,4664644339584858496,"J045518.59-642240.2 ",0.8315498074406148,1,0,1,0
43364887,4664762056046041344,"J045556.85-635710.4 ",0.9228332818858979,1,0,1,0
36503823,4662189095756704768,"J045705.92-660639.1 ",0.02964509136874154,1,0,1,0
34382810,4660225917748313216,"J052803.48-664848.8 ",0.2755613813489195,1,0,1,0
40875181,4663905089816298112,"J050535.79-644306.9 ",1.2184905248335762,1,0,1,0
43033382,4664704640917757056,"J044931.58-640314.2 ",0.7211953219866735,1,0,1,0
42756755,4664701239303612032,"J044954.50-640818.9 ",0.1443951216889776,1,0,1,0
44347222,4664726390633927040,"J045204.24-633919.7 ",0.8635406681411166,1,0,1,0
34849006,4660278969178183296,"J053629.12-663926.6 ",0.05102772257860176,1,0,1,0
35339325,4661983830676357888,"J051103.82-662939.7 ",0.022882017967529818,1,0,1,0
34048658,4660224234120996864,"J052718.16-665536.7 ",0.10147908763890151,1,0,1,0
35315864,4661983143481560192,"J051126.02-663007.7 ",0.04895532660265157,1,0,1,0
35969280,4660306663131748864,"J053310.48-661709.5 ",0.8742195410699418,1,0,1,0
35713968,4661988572320749056,"J050949.38-662213.1 ",0.13586113485219747,1,0,1,0
35781405,4661992180093358080,"J051121.45-662052.9 ",0.5766326802080152,1,0,1,0
35051491,4660317074128875392,"J052920.53-663523.0 ",0.18880473320893779,1,0,1,0
35650174,4660288624267689344,"J053612.17-662329.7 ",0.09407451287882758,1,0,1,0
36225432,4661997849448327040,"J051044.96-661207.4 ",0.07356139942645379,1,0,1,0
34755545,4660277422989915136,"J053629.19-664118.6 ",0.11486055387948302,1,0,1,0
34589712,4660268008420676992,"J053323.77-664437.8 ",0.1748154418466785,1,0,1,0
34480263,4660264263209065344,"J053210.26-664650.3 ",0.4366024749780167,1,0,1,0
34407582,4662081996448002816,"J050231.60-664818.7 ",0.0987590723215208,1,0,1,0
33539188,4660197330446597120,"J052747.41-670557.7 ",0.09608130696790244,1,0,1,0
42502519,4663982193068638336,"J050230.85-641259.7 ",0.7191764473612003,1,0,1,0
35362481,4662013036454010880,"J050748.88-662912.4 ",0.4166243254716969,1,0,1,0
35933722,4660306766208980224,"J053245.20-661751.8 ",0.06199156872265509,1,0,1,0
40270645,4663853584561892224,"J045744.11-645424.6 ",0.9601227852743135,1,0,1,0
42441536,4663983739256867712,"J050159.59-641407.4 ",1.4447654472668454,1,0,1,0
35530498,4660331951895750528,"J052811.15-662552.6 ",0.12105022699777442,1,0,1,0
35685555,4661989156436264448,"J051018.48-662247.0 ",0.1794454784436292,1,0,1,0
34295857,4661894048678900096,"J050250.87-665035.4 ",0.18585080535607384,1,0,1,0
34618036,4660222035090503040,"J052859.74-664403.6 ",0.11495140590340454,1,0,1,0
33845383,4661899443161332736,"J050605.99-665943.7 ",0.1298043151255225,1,0,1,0
34243940,4661905318676864384,"J050812.53-665139.0 ",0.05643467959051211,1,0,1,0
34586822,4660262373423581568,"J053257.52-664441.2 ",0.04980583071674258,1,0,1,0
35820356,4661992351892096640,"J051100.83-662006.5 ",0.08263668074415922,1,0,1,0
36335554,4662045059731239424,"J050850.23-660957.1 ",0.11472032531572374,1,0,1,0
35018537,4661973350958359808,"J051423.12-663602.5 ",0.429249290254112,1,0,1,0
36041377,4660306938008629248,"J053247.25-661544.0 ",0.05184798779638119,1,0,1,0
35919634,4660303987382366720,"J053341.09-661808.7 ",1.0592164659765404,1,0,1,0
35245469,4661928030460600960,"J050423.18-663131.0 ",0.10849398332167277,1,0,1,0
34075330,4661857936597570176,"J050848.37-665504.2 ",0.05196859590355328,1,0,1,0
35512156,4661985205084954752,"J051135.19-662614.5 ",0.1034632078410181,1,0,1,0
35997924,4662040421166283520,"J050719.71-661635.6 ",0.009202083358890827,1,0,1,0
34489079,4658960276779885056,"J051618.59-664639.5 ",0.26824465697898386,1,0,1,0
36173903,4661994894519905920,"J051153.93-661308.3 ",0.30778239123961393,1,0,1,0
35595131,4661988950277715968,"J051023.78-662435.5 ",0.06501908732738976,1,0,1,0
34723702,4660266221714334208,"J053142.93-664156.7 ",0.05536065562759197,1,0,1,0
34608898,4661954006426315648,"J050930.31-664414.7 ",0.09842921272093702,1,0,1,0
35496466,4660289693725970048,"J053534.07-662633.3 ",0.3075772679790523,1,0,1,0
35468028,4661978401840933376,"J051332.71-662707.3 ",0.03332947744650453,1,0,1,0
35636327,4660290651491704960,"J053522.67-662346.2 ",0.11872800610505943,1,0,1,0
33860994,4661891918402145280,"J050346.00-665924.6 ",0.025102419421482593,1,0,1,0
38061607,4663760160430305280,"J050456.48-653626.0 ",0.15540105481738345,1,0,1,0
33986038,4660258250254527872,"J053347.11-665653.0 ",0.4230284343432263,1,0,1,0
34981770,4661967612882927616,"J051359.47-663646.9 ",0.17399226814881494,1,0,1,0
40473159,4664042013363667200,"J051705.79-645037.8 ",0.2628508712085749,1,0,1,0
38096549,4663540464263775872,"J051234.29-653545.3 ",0.04121418754267906,1,0,1,0
35110139,4662006679902148224,"J050718.58-663412.6 ",0.35184061360263486,1,0,1,0
35030705,4662005683469672320,"J050619.60-663547.9 ",0.1632208590345012,1,0,1,0
35551613,4661987507172184576,"J051015.55-662527.5 ",0.12698337104622812,1,0,1,0
35290620,4660324117876895488,"J053010.85-663037.6 ",0.08878207617250403,1,0,1,0
35555062,4661977066110847488,"J051344.23-662523.4 ",1.414418841336592,1,0,1,0
39266778,4663654813471807232,"J051558.86-651324.2 ",0.08415706647510515,1,0,1,0
37519362,4663531496371400448,"J051227.13-654656.0 ",0.33936488148862237,1,0,1,0
37542353,4662068772280996992,"J050601.69-654629.5 ",0.1566639417637143,1,0,1,0
34263311,4661949402221101952,"J051049.67-665115.4 ",0.11211060337842635,1,0,1,0
35434857,4661984861468615680,"J051204.49-662746.6 ",0.057748755466558915,1,0,1,0
41097184,4663875471711665664,"J050222.84-643858.7 ",0.09520135376501866,1,0,1,0
34938575,4658968110800455040,"J051654.59-663738.9 ",0.28644753989311483,1,0,1,0
34782944,4661911434706811008,"J050614.81-664045.9 ",0.05632048534606161,1,0,1,0
34930200,4661923426255569152,"J050607.18-663749.2 ",0.3133444426161361,1,0,1,0
34876831,4658956119278242688,"J051742.40-663853.1 ",0.21023745158488766,1,0,1,0
40020755,4663673436451091072,"J051427.22-645906.1 ",0.675959103347646,1,0,1,0
41051826,4663877636387612672,"J050105.84-643949.3 ",0.8342433847793018,1,0,1,0
35698078,4661986377602858752,"J051111.15-662232.0 ",0.025766051681501513,1,0,1,0
34352550,4658950381175117824,"J051948.18-664925.8 ",0.017721660948350457,1,0,1,0
34386024,4661916897932017920,"J050405.10-664844.9 ",0.130037160618557,1,0,1,0
33711591,4661876181618311552,"J050534.21-670226.1 ",0.05889802668715956,1,0,1,0
39211689,4663598875821173248,"J050954.35-651426.9 ",0.040626970925675035,1,0,1,0
37162641,4663552833768589312,"J050857.15-655347.8 ",0.3020356147667866,1,0,1,0
39000485,4663688589094505216,"J051127.93-651827.9 ",0.14697268779183367,1,0,1,0
33825192,4660211074342055296,"J052836.26-670008.2 ",0.36999267597674185,1,0,1,0
40494395,4663704841252273024,"J051039.95-645013.7 ",0.0921907343914454,1,0,1,0
39619338,4663694503270259200,"J050927.23-650641.6 ",0.39778066693327363,1,0,1,0
36655886,4663489852367766400,"J051420.85-660339.9 ",0.40759727805240664,1,0,1,0
41466433,4663913885900050560,"J050603.35-643207.5 ",0.07929189439160922,1,0,1,0
38607501,4663636224853031680,"J051330.58-652555.8 ",0.04496247863329291,1,0,1,0
38386338,4663762015856248192,"J050517.62-653009.7 ",0.13615270748595734,1,0,1,0
34226671,4661902638613459456,"J050549.14-665200.1 ",0.2497234199773145,1,0,1,0
34329361,4661905009439246976,"J050717.63-664954.3 ",0.09328831320904031,1,0,1,0
33872771,4658898497969725952,"J052145.98-665910.4 ",0.2805605159150347,1,0,1,0
40258449,4663855921033231872,"J045846.39-645438.2 ",0.41626192370661036,1,0,1,0
42563620,4663993291264399616,"J045842.88-641151.7 ",0.1498405276689567,1,0,1,0
37076899,4663550394227094144,"J051005.99-655528.1 ",0.24719973489648783,1,0,1,0
37119655,4663494868889911808,"J051325.70-655438.3 ",0.081938605322429,1,0,1,0
36183861,4661995066309511296,"J051120.80-661256.6 ",0.3080160898291609,1,0,1,0
37191118,4663517855554931840,"J051416.41-655314.7 ",0.0768212851514524,1,0,1,0
38383893,4663542079171750528,"J051322.15-653012.5 ",0.056285609597471024,1,0,1,0
34112988,4661763138080368512,"J045632.09-665418.3 ",0.0443935616745118,1,0,1,0
33865339,4661933012642718080,"J051241.44-665919.3 ",0.19581854563040071,1,0,1,0
37862389,4663536822131231488,"J051214.57-654017.5 ",0.07394234077686136,1,0,1,0
33968677,4661771281337194240,"J045329.25-665714.1 ",0.06453196678545962,1,0,1,0
33987381,4658898738488020864,"J052138.74-665651.3 ",0.27311618222142503,1,0,1,0
38578504,4663624645621186944,"J051419.15-652629.1 ",0.2274531558851844,1,0,1,0
39967986,4663661719780255872,"J051524.25-650005.4 ",0.04119522807537479,1,0,1,0
39193167,4663795447881950976,"J050524.04-651447.9 ",0.3051997454267076,1,0,1,0
39979611,4663708517758551168,"J050922.56-645952.4 ",0.11361256091838097,1,0,1,0
34518766,4661769322833389696,"J045549.58-664603.2 ",0.1445908077283123,1,0,1,0
34288868,4661905662299671552,"J050824.63-665044.1 ",0.42678274960298923,1,0,1,0
34451285,4660264916044076544,"J053231.56-664725.3 ",0.42443103197352927,1,0,1,0
35805029,4659904791627628032,"J054136.68-662024.7 ",0.039127474238000386,1,0,1,0
38717812,4663626088730259584,"J051434.22-652350.1 ",0.29827836181776873,1,0,1,0
39975026,4663666736302057472,"J051603.80-645957.5 ",0.09594782424892363,1,0,1,0
38447478,4663600834324430080,"J050817.01-652859.5 ",0.12279702168576881,1,0,1,0
40067753,4663667148618995840,"J051558.40-645813.2 ",0.0962376009402551,1,0,1,0
39101787,4663595920883623936,"J051035.93-651632.6 ",0.20922273761085802,1,0,1,0
39942713,4661033886988986112,"J051931.39-650034.1 ",0.1952243537293406,1,0,1,0
44096896,4664920694953251072,"J044910.78-634351.9 ",0.9790321932253556,1,0,1,0
44864718,4664931105954087168,"J044946.47-633000.4 ",0.4479951445566177,1,0,1,0
39518015,4663788369775954176,"J050326.62-650837.1 ",0.06685815686864303,1,0,1,0
36559925,4659978665063632896,"J054501.56-660532.8 ",0.11887075906292048,1,0,1,0
34387321,4660260964674161408,"J053409.48-664843.2 ",0.3037767206604618,1,0,1,0
33636406,4660187056884867200,"J052815.64-670358.3 ",0.13964282504561557,1,0,1,0
39013925,4660956062180995456,"J052707.40-651812.5 ",0.10385522499546365,1,0,1,0
38007417,4663574617843634944,"J050750.42-653729.1 ",0.14339444624455674,1,0,1,0
39044982,4663771808381903232,"J050516.93-651737.0 ",0.20215101120566542,1,0,1,0
38465002,4663635881255589120,"J051357.89-652839.4 ",0.14285701694334083,1,0,1,0
38903730,4663630521136591744,"J051555.94-652017.8 ",0.33394683154994914,1,0,1,0
36620454,4663489852367743872,"J051423.80-660421.7 ",0.1843361780782689,1,0,1,0
35043886,4661786159103263232,"J045214.65-663532.2 ",0.010322900699690284,1,0,1,0
38989517,4663603720544176000,"J050836.16-651840.3 ",0.02017285596877487,1,0,1,0
37493514,4663511297155453568,"J051134.44-654726.1 ",0.06876860945180863,1,0,1,0
40958742,4663719203629897856,"J050909.90-644133.3 ",0.06751747499569377,1,0,1,0
38413401,4663764077440556416,"J050412.69-652938.6 ",0.5149497261141016,1,0,1,0
35093127,4661959744499517184,"J051053.39-663433.0 ",0.07265007356414187,1,0,1,0
37316108,4663556716419161472,"J051030.64-655053.9 ",0.1277855241733519,1,0,1,0
35495162,4659903112321637888,"J054041.36-662634.8 ",0.6584488353934665,1,0,1,0
34087309,4659837279046370176,"J054417.60-665449.6 ",0.15657689500774563,1,0,1,0
37814772,4663560255472755328,"J050942.67-654112.3 ",0.12094678959348044,1,0,1,0
36613999,4663489302611919744,"J051506.00-660429.2 ",0.036598697058088756,1,0,1,0
34567280,4661769151033325312,"J045512.36-664504.6 ",0.11240708119982777,1,0,1,0
38829727,4663628837509375488,"J051603.75-652142.4 ",0.4525051428896447,1,0,1,0
36600978,4663497892546516352,"J051247.40-660444.6 ",0.0327404347568005,1,0,1,0
38601182,4663581455433563904,"J050718.70-652603.1 ",0.3455761899139032,1,0,1,0
36319642,4663485321186089984,"J051313.73-661016.2 ",0.10678115504436224,1,0,1,0
37489771,4663557437973842304,"J051014.52-654730.5 ",0.04379934589039954,1,0,1,0
39365556,4663654950910802560,"J051602.41-651131.5 ",0.7640507274757435,1,0,1,0
38992388,4660965270593228928,"J052406.59-651837.0 ",0.03717980823163912,1,0,1,0
36849064,4663548916758167168,"J050934.10-655954.0 ",1.0028325912356124,1,0,1,0
38348639,4663541838653549568,"J051340.04-653053.1 ",0.16460603539550436,1,0,1,0
38299498,4663565271995095552,"J050848.89-653149.9 ",0.3381947903052532,1,0,1,0
36229806,4663495178127006464,"J051230.97-661202.2 ",0.10451405511452644,1,0,1,0
36050341,4663480506518662016,"J051443.66-661533.4 ",0.38729184597820954,1,0,1,0
40674426,4663729477184740480,"J051021.77-644651.6 ",0.17627764212698108,1,0,1,0
36351237,4659781646326951040,"J055005.64-660938.6 ",0.7572188565043413,1,0,1,0
38410194,4663621999921267968,"J051557.47-652942.4 ",0.10655935316932887,1,0,1,0
34207982,4660215816000735104,"J053025.72-665222.7 ",0.5362074781453491,1,0,1,0
38022117,4663759404514947968,"J050502.94-653712.0 ",0.24321977785414367,1,0,1,0
37829349,4663526720368092416,"J051422.27-654055.4 ",0.2098212186448982,1,0,1,0
37532077,4663555170231157760,"J050903.72-654641.4 ",0.0438249030153663,1,0,1,0
36593138,4659980005094006016,"J054523.33-660453.8 ",0.05233205541613083,1,0,1,0
41041307,4663355162193229184,"J044326.99-644001.0 ",2.8487280921243663,1,0,1,0
35155636,4659871840640331136,"J054528.47-663318.2 ",0.0489178267683716,1,0,1,0
38791183,4663640416741201792,"J051224.74-652226.6 ",0.7011841939829575,1,0,1,0
34665071,4661919200007611776,"J050353.55-664307.3 ",0.12430000825257517,1,0,1,0
38194342,4663541323257334400,"J051349.30-653351.7 ",0.044173962749183754,1,0,1,0
38308912,4663541117099017472,"J051235.88-653139.0 ",0.41276080414257005,1,0,1,0
38105560,4663010671462046336,"J044430.93-653534.7 ",0.13104012085937114,1,0,1,0
33782268,4661758430795960576,"J045451.20-670100.2 ",0.7633333064224864,1,0,1,0
39425209,4661016569682748032,"J052135.19-651023.1 ",0.06647344897366106,1,0,1,0
38470514,4663635846895891072,"J051348.50-652833.0 ",0.6925500205442822,1,0,1,0
38297440,4663538918075761408,"J051117.54-653152.3 ",0.28995313769571784,1,0,1,0
36457945,4659922658693862016,"J053836.17-660733.2 ",0.14570115143218973,1,0,1,0
35665876,4659875104815763072,"J054457.07-662310.9 ",0.033055312276837695,1,0,1,0
37000188,4663494559652164992,"J051337.35-655657.7 ",0.45658163062865664,1,0,1,0
37892013,4663618289070379904,"J051617.54-653943.3 ",0.03507479516015168,1,0,1,0
39420495,4660970184033623168,"J052259.33-651028.6 ",0.03247173789458654,1,0,1,0
36216423,4659781405808650240,"J055013.37-661218.1 ",0.09823141552933103,1,0,1,0
34590883,4659889196625446528,"J054248.74-664436.3 ",0.09630468796058035,1,0,1,0
38464253,4660950328399966464,"J052525.86-652840.2 ",0.8769956268016964,1,0,1,0
35841945,4659879193622605056,"J054318.59-661940.9 ",0.060707018627585325,1,0,1,0
36153433,4659885962491358720,"J054345.73-661332.4 ",0.2015264945402088,1,0,1,0
35805256,4659925304391440000,"J054205.76-662024.4 ",0.1598627905247572,1,0,1,0
36410131,5476395769877623808,"J060104.93-660829.3 ",1.1572839393789003,1,0,1,0
36405754,5476384774758557952,"J060226.00-660834.5 ",0.6201333334776967,1,0,1,0
35003187,5283640352035970560,"J062527.43-663621.1 ",1.4413324164581485,1,0,1,0
35139246,5283282976398012160,"J062101.15-663337.7 ",0.01565521372531326,1,0,1,0
34009263,5283573934661353856,"J062518.11-665624.5 ",1.1851629264392098,1,0,1,0
35822930,5283489272266319360,"J064249.93-662003.5 ",1.7149314795344222,1,0,1,0
38248655,5283804144909441792,"J063456.16-653249.0 ",0.3504848507132018,1,0,1,0
34405682,5283589744436265088,"J062404.76-664820.9 ",0.6312547034474769,1,0,1,0
34629089,5283592248402018816,"J062446.38-664350.5 ",1.0887489395036147,1,0,1,0
36440163,5283715909100372608,"J063546.48-660754.2 ",0.38825571391401226,1,0,1,0
33899045,5283957629860435072,"J060745.69-665838.7 ",0.04678480773638037,1,0,1,1
51959746,5289741404620290688,"J080951.49-612534.9 ",0.1729852126382542,1,0,1,0
41336438,5276543829112460800,"J082954.40-643432.3 ",0.03698820510844445,1,0,1,0
33503651,5283910488299403904,"J060938.51-670641.3 ",0.07571200185714548,1,0,1,0
45672792,5288777717037778432,"J073042.94-631532.5 ",0.1017045688505948,1,0,1,0
46927628,5289507105564319616,"J080210.84-625304.5 ",0.05738623815586593,1,0,1,0
48829033,5289779853168752384,"J075708.77-621928.1 ",0.06295411237937283,1,0,1,0
37695559,5282252871440640896,"J070538.80-654330.8 ",0.013949830481695,1,0,1,0
37962653,5282216450118587264,"J071315.74-653821.2 ",0.9810623670654656,1,0,1,0
51293358,5278062426470300288,"J081630.05-613653.7 ",0.04510304258605102,1,0,1,0
34939101,5281027774970116864,"J070736.78-663738.3 ",0.03248560222572624,1,0,1,0
36459340,5281947172848557184,"J065527.28-660731.6 ",0.05076672289600816,1,0,1,0
34620992,5281023033326164736,"J070442.32-664400.1 ",0.3616693577173303,1,0,1,0
41133321,5287611856756112128,"J072849.38-643818.6 ",0.27842593732768295,1,0,1,0
38865372,5282132921594371968,"J070146.30-652101.8 ",0.17885843337607682,1,0,1,0
37632915,5282067225775482880,"J070324.72-654443.6 ",0.06775661443118297,1,0,1,0
36115877,5281945454862011904,"J065334.05-661416.6 ",0.7991191772916514,1,0,1,0
36687911,5281996169835927168,"J065454.54-660302.2 ",0.129739257182159,1,0,1,0
32620073,5280883670230350464,"J065535.39-672453.3 ",0.05075346830888076,1,0,1,0
36016744,5281414631263561728,"J071218.89-661613.3 ",1.0855106849805634,1,0,1,0
33406408,5280952252264821760,"J070532.15-670841.3 ",0.04721722349297702,1,0,1,0
33839168,5281881580108861568,"J064739.54-665951.3 ",0.09461622734365968,1,0,1,0
38311143,5281522211604337920,"J072428.83-653136.4 ",0.5416915275891453,1,0,1,0
35097139,5281389514295815296,"J071020.14-663428.2 ",2.5177325546331684,1,0,1,0
34474680,5281186997996634624,"J072507.56-664657.1 ",0.1031984342125094,1,0,1,0
38293473,5274763994666391552,"J080834.69-653157.0 ",0.058083545768191046,1,0,1,0
33235438,5280948403974957824,"J070616.64-671212.2 ",0.7090565263801051,1,0,1,0
33222597,5281652572452347264,"J065406.40-671227.9 ",0.44121219333201434,1,0,1,0
32784738,5281110547579580928,"J071140.82-672132.9 ",0.03354960804124951,1,0,1,0
38724085,5282451883046685440,"J070851.58-652342.8 ",0.07082522912901686,1,0,1,0
41946953,5282620314483015296,"J071924.18-642313.7 ",0.048287226717761485,1,0,1,0
34872110,5274972936234988160,"J073904.71-663858.7 ",0.35876080762597007,1,0,1,0
33130140,5281631269414501888,"J065211.81-671422.1 ",0.056984215942829916,1,0,1,0
33259816,5280412430710766080,"J063940.37-671142.3 ",0.3340028591160422,1,0,1,0
38010214,5275325673307993728,"J074644.15-653725.8 ",0.19845190204852822,1,0,1,0
40207974,5275736134743027840,"J075503.08-645534.8 ",1.0207854736936979,1,0,1,0
38138654,5276068152895077504,"J081318.43-653456.2 ",0.0292433819980703,1,0,1,0
49620557,5289131931582565376,"J074520.76-620540.7 ",1.019285753905935,1,0,1,0
38528727,5285121669077034496,"J065558.97-652726.3 ",0.05741562304293054,1,0,1,0
39203569,5285106688231535232,"J065152.56-651436.0 ",0.14027354067288275,1,0,1,0
38237456,5285075730106846848,"J064626.55-653301.7 ",0.061329156165537774,1,0,1,0
32794466,5280368789546994944,"J064249.25-672120.8 ",0.0048780449970223985,1,0,1,0
33599766,5280436860484401664,"J064044.03-670443.5 ",0.588934933114603,1,0,1,0
35073144,5280468707666906368,"J064355.70-663456.9 ",0.3606590409669506,1,0,1,0
44465669,5285719631603265792,"J071653.05-633711.6 ",0.4964572650339628,1,0,1,0
49188858,5288333583059787264,"J075354.36-621309.7 ",0.06639378696893845,1,0,1,0
41119013,5288371722370099968,"J072503.48-643834.3 ",0.0015364491274101858,1,0,1,0
32929606,5280372225520876544,"J064308.35-671832.7 ",0.9202134796208079,1,0,1,0
41327906,5285243886665938304,"J065724.36-643441.8 ",0.2986058458911371,1,0,1,0
32797497,5280409059161530496,"J063801.20-672117.1 ",1.3611064809541586,1,0,1,0
34495877,5280451081121035520,"J064427.17-664631.1 ",1.8445004216627638,1,0,1,0
42923135,5285588652280330496,"J071131.68-640516.2 ",0.12712723262827313,1,0,1,0
32655708,5280358348483249664,"J063918.36-672409.0 ",1.4694702162103281,1,0,1,0
41089431,5285230039691559040,"J070127.42-643907.3 ",0.8479367824872689,1,0,1,0
38103550,5285037212839460096,"J065153.19-653537.0 ",0.8410094633541549,1,0,1,0
40273252,5285165752620681984,"J070212.62-645421.7 ",0.37930132831544033,1,0,1,0
40317335,5273519278782501248,"J083126.57-645332.4 ",0.09020690044774497,1,0,1,0
36708470,5284997183744507648,"J064522.80-660238.1 ",0.08890533705693593,1,0,1,0
34928715,5274272787844917248,"J075234.18-663751.0 ",0.06017426747714958,1,0,1,0
37606418,5275484793257508992,"J075242.67-654514.7 ",0.38058768703243456,1,0,1,0
68946242,4730353181677126656,"J032309.55-565531.8 ",0.11616729632210518,1,0,1,0
35119905,5275059007378781184,"J074349.15-663401.0 ",0.23946620189470158,1,0,1,0
36683626,5284108709632177536,"J062031.96-660307.2 ",0.7276509669363971,1,0,1,0
36803332,5274727126666346240,"J080441.75-660047.2 ",0.03451474627355269,1,0,1,0
37022778,5284122865844479104,"J062008.23-655631.2 ",1.3432174955003902,1,0,1,0
37496667,5285008556818105216,"J064805.24-654722.4 ",0.9636056657656106,1,0,1,0
34937324,5284170625878180352,"J060609.50-663740.5 ",0.12077388099839617,1,0,1,0
34161674,5283953197455861120,"J060445.74-665318.8 ",1.0424095824317132,1,0,1,0
36188293,5284098573507619712,"J061926.17-661251.3 ",0.1949628795764502,1,0,1,0
38103595,5283758893133924736,"J064324.65-653536.9 ",0.6179899387592478,1,0,1,0
60170379,4728956595751490944,"J034119.50-591026.5 ",0.004873955737606448,1,0,1,0
35823291,5284087269154891264,"J061425.71-662003.0 ",0.7665760987861424,1,0,1,0
36171517,5284240754107217152,"J060654.74-661311.0 ",0.694475704836542,1,0,1,0
35767455,5284192616113455872,"J060853.23-662109.4 ",1.046277711086492,1,0,1,0
36871276,5284283635057371904,"J061630.86-655928.0 ",0.4364440099160735,1,0,1,0
34190337,5284143069367651328,"J060318.80-665244.1 ",0.09080293403369916,1,0,1,0
35447087,5284024115954145024,"J061640.56-662732.0 ",0.5783964793903507,1,0,1,0
36565623,5284257762178031488,"J060601.27-660526.2 ",0.9005632677338099,1,0,1,0
66079318,4729696395278230400,"J033451.23-573839.2 ",0.1955891322411823,1,0,1,0
36371007,5284234603714149120,"J060433.04-660915.3 ",0.0554076973451795,1,0,1,0
35333767,5284187015492788608,"J060556.46-662946.6 ",0.764741208252673,1,0,1,0
37674444,5283800296618038656,"J063314.10-654355.4 ",1.1982515110936838,1,0,1,0
36762136,5283730580708733824,"J063433.01-660135.5 ",1.767254799739464,1,0,1,0
34752659,5284006317609372672,"J061627.00-664122.0 ",0.10558899084810414,1,0,1,0
35983493,5283631727741891072,"J063210.84-661652.8 ",0.058482219569799626,1,0,1,0
37988824,5283813318959448320,"J063844.62-653750.8 ",0.03836091873253836,1,0,1,0
35484344,5283657703704749312,"J062502.29-662647.7 ",0.4834341902699032,1,0,1,0
36832449,5284286246397474688,"J061530.88-660013.2 ",1.60718097266075,1,0,1,0
44671410,4720471595800654208,"J031045.98-633328.6 ",0.6972627101816402,1,0,1,0
34972274,5284027380129100032,"J061940.37-663658.5 ",0.7610712224654776,1,0,1,0
33899464,5283244527851306368,"J061707.73-665838.2 ",0.32366967878193353,1,0,1,0
35995663,5283712748004363264,"J063413.05-661638.3 ",0.2183562354213713,1,0,1,0
39213061,5273461451343854848,"J083240.79-651425.3 ",0.10706748158092731,1,0,1,0
36595983,5283719894830056320,"J063732.77-660450.5 ",0.4903425913981818,1,0,1,0
36863295,5283779131019074048,"J063329.67-655937.4 ",0.04499909205410587,1,0,1,0
38134597,5283814796430605312,"J063844.20-653501.0 ",0.4686626678651247,1,0,1,0
34658141,5283638599695956608,"J062254.48-664315.6 ",0.029233613765037466,1,0,1,0
36538911,4755823437256525312,"J055530.29-660557.6 ",0.04489410098727838,1,0,1,0
34428377,5283265040613900032,"J062045.80-664753.3 ",0.12833471797373844,1,0,1,0
33627535,5283242912944214016,"J061455.22-670409.2 ",0.27129820169411334,1,0,1,0
38061931,5283805691097571456,"J063530.66-653625.6 ",0.5944645427632326,1,0,1,0
35754221,5283532290658731136,"J064026.20-662125.3 ",0.14551135619935576,1,0,1,0
34598746,5283497656045710720,"J063432.18-664426.9 ",0.342082308278315,1,0,1,0
33751608,5283428730407959936,"J063630.29-670137.5 ",0.9571629456321292,1,0,1,0
36175681,5283538544131265920,"J064026.95-661306.1 ",0.4982967202577992,1,0,1,0
35730984,5283488859949417472,"J064224.09-662152.8 ",0.2859614236812702,1,0,1,0
36116382,4663486278973337600,"J051509.28-661416.1 ",0.758696197951272,1,0,1,0
37618532,4663567883334451328,"J050740.40-654500.5 ",0.033175208246514785,1,0,1,0
39182354,4663631281362166528,"J051552.71-651500.1 ",1.2832747652612262,1,0,1,0
39219495,4661015023494472448,"J052155.57-651418.1 ",0.10981873914251773,1,0,1,0
35931576,4659960866719418880,"J054754.68-661754.4 ",0.07267679863585794,1,0,1,0
53082433,4679909752859000960,"J040415.83-610634.2 ",0.6943615348730405,1,0,1,0
37617054,4663004246190841984,"J044529.89-654502.3 ",0.8540866617080966,1,0,1,0
36321413,4663496311998412032,"J051150.81-661014.1 ",0.18650050244255573,1,0,1,0
37585346,4663558816686484736,"J051041.80-654539.3 ",0.0064104000359894294,1,0,1,0
38211314,4663585509880908672,"J051036.70-653331.9 ",0.05441009717967079,1,0,1,0
39551021,4663796998369905792,"J050636.62-650759.5 ",0.886477852107185,1,0,1,0
40628284,4663116602539909376,"J045136.34-644743.3 ",1.8131360994304122,1,0,1,0
39156282,4663634094549522048,"J051538.80-651529.9 ",0.22411744215653925,1,0,1,0
40700911,4663304206701341568,"J044033.57-644621.8 ",0.28339855115427026,1,0,1,0
37406617,4663522562839282944,"J051513.99-654907.9 ",0.03181858828029722,1,0,1,0
38632258,4663027851330581760,"J044743.38-652527.5 ",1.0570178005525577,1,0,1,0
39229010,4661015813768458496,"J052139.60-651407.3 ",0.013464053111046106,1,0,1,0
40446119,4663256206146756224,"J044134.87-645108.1 ",1.8355928635436836,1,0,1,0
36194038,4663486382037273728,"J051520.73-661244.5 ",0.4305669721638085,1,0,1,0
37259133,4662944700761754496,"J045029.72-655159.7 ",0.18121425791411905,1,0,1,0
34029061,4661771453135896192,"J045319.19-665600.4 ",0.08490345337456766,1,0,1,0
40844273,4663158658851089920,"J044735.97-644341.5 ",1.286468567156323,1,0,1,0
37600501,4663531977407817600,"J051246.92-654521.6 ",0.442898046831858,1,0,1,0
36145680,4663486313317793280,"J051513.67-661341.7 ",0.11350647369427834,1,0,1,0
39096968,4663090695287945728,"J045513.55-651638.0 ",0.054518737719318484,1,0,1,0
40080067,4663090282972426112,"J045119.77-645759.2 ",1.0000645770501178,1,0,1,0
44906959,4663477036186953088,"J044021.88-632914.8 ",1.7307115461383027,1,0,1,0
36150858,4662923397727316224,"J045305.22-661335.5 ",0.31038653589826126,1,0,1,0
34314088,4659510307501954176,"J053959.02-665013.1 ",0.10376606908720803,1,0,1,0
34588303,4659528415061673984,"J053937.73-664439.4 ",0.14621273935532428,1,0,1,0
40225810,4661038285035756160,"J051818.94-645514.8 ",0.03372562060400221,1,0,1,0
38173838,4660945135786281600,"J052658.51-653415.5 ",0.01478782616960466,1,0,1,0
37954042,4663000466618458752,"J044736.50-653831.2 ",2.2000518772125055,1,0,1,0
37801732,4663582967259793920,"J051053.99-654127.5 ",0.12678679323381167,1,0,1,0
38893335,4663207449678915840,"J044410.27-652029.8 ",0.5332076041597766,1,0,1,0
36497180,4663497377150379520,"J051246.52-660646.9 ",0.15918598934442602,1,0,1,0
35498667,4659909361472516864,"J053957.17-662630.7 ",0.04763460622986627,1,0,1,0
35614061,4662914601634102400,"J045229.18-662412.9 ",0.05604356882838899,1,0,1,0
36452100,4663488546700808576,"J051531.54-660740.1 ",0.33442580511695097,1,0,1,0
51495150,4679647759853649280,"J035101.56-613327.8 ",0.05394781079683233,1,0,1,0
35505938,4659761923836242560,"J055229.71-662622.0 ",0.06775987765917259,1,0,1,0
34730872,4659890188737850880,"J054134.01-664148.1 ",0.2710648610277542,1,0,1,0
37835945,4662963770417443200,"J045235.29-654047.9 ",1.4651556282842815,1,0,1,0
33928496,4659822225177102848,"J054739.28-665802.9 ",0.03205331991504719,1,0,1,0
34572620,4659834800842007424,"J054617.31-664458.2 ",0.0815336009574288,1,0,1,0
34777841,4659845692879200512,"J054508.32-664051.9 ",0.3840685645368168,1,0,1,0
39698199,4663240091429252736,"J044523.23-650512.0 ",0.6541639260599535,1,0,1,0
38706541,4663066196794466560,"J045510.83-652403.2 ",0.0952921157633131,1,0,1,0
34165054,4659650598286539264,"J055205.62-665314.8 ",0.03954055690856004,1,0,1,0
40084564,4663253766606988288,"J044139.43-645754.3 ",0.7843722481549951,1,0,1,0
36607433,4660545119710529920,"J052134.03-660437.0 ",0.263380878638207,1,0,1,0
37154136,4663515484735733632,"J051558.56-655357.7 ",0.08783382750890709,1,0,1,0
35785607,4663478170059779456,"J051450.82-662047.8 ",0.023606462653359882,1,0,1,0
37251175,4663565375073172864,"J050740.75-655208.5 ",0.06251300873547926,1,0,1,0
53780503,4679766855001651712,"J035231.49-605451.1 ",1.3497226239485458,1,0,1,0
33487717,4661874807228466432,"J050546.72-670700.9 ",0.5827588341398922,1,0,1,0
36249580,4663496140199690880,"J051157.18-661138.9 ",0.176040401776241,1,0,1,0
41921360,4663192228315671808,"J044839.24-642342.0 ",0.08409337256282298,1,0,1,0
35749909,4662915288828857984,"J045213.37-662130.3 ",0.08475029302797268,1,0,1,0
37593621,4662855124922909440,"J043749.18-654529.6 ",0.06632404801446523,1,0,1,0
37048490,4663515072418867840,"J051528.08-655601.4 ",0.25031621554509,1,0,1,0
38749157,4663546649017179136,"J051218.81-652314.4 ",0.7440750555017995,1,0,1,0
36813814,4663502702910037120,"J051053.36-660035.1 ",0.8281189966003722,1,0,1,0
37894681,4663562729374021888,"J050845.61-653940.2 ",0.02964567718565763,1,0,1,0
33985261,4659824531578278656,"J054605.60-665654.0 ",0.08744198877432932,1,0,1,0
39480630,4663051250312846592,"J044608.17-650919.8 ",0.6978551322508566,1,0,1,0
36034172,4660525534680052352,"J052526.11-661552.6 ",0.07482555104519026,1,0,1,0
59119991,4681228204739131904,"J034644.85-592719.1 ",0.7058736614517027,1,0,1,0
43172956,4663404090462047616,"J044326.30-640040.6 ",0.9278664947126543,1,0,1,0
35570018,4660521961246478080,"J052611.97-662505.4 ",0.022984694524940976,1,0,1,0
37972447,4663619251142135424,"J051538.47-653809.8 ",0.041160539671030595,1,0,1,0
37854197,4660748460644313216,"J053121.34-654027.0 ",0.268541754788537,1,0,1,0
34073409,4659837034222381312,"J054434.86-665506.5 ",0.0907917264433516,1,0,1,0
33934042,4659824492920080896,"J054609.15-665756.1 ",0.365778507520839,1,0,1,0
40774654,4663264108886674688,"J044227.85-644459.1 ",2.034193429864663,1,0,1,0
37695977,4663007372927051776,"J044444.41-654330.3 ",0.9656675324632913,1,0,1,0
38295434,4662835196272529280,"J043903.05-653154.6 ",0.6320324713077995,1,0,1,0
56624174,4680716588234735488,"J034230.48-600747.9 ",0.033203244452831016,1,0,1,0
45921637,4676112898689441920,"J041459.78-631104.8 ",0.7313999220419195,1,0,1,0
35085099,4662524893481069312,"J044649.11-663442.7 ",0.6511073421632415,1,0,1,0
37392884,4662956112490506752,"J045146.48-654923.8 ",1.3773332383313472,1,1,1,0
36709573,4660534605630597248,"J052603.95-660236.8 ",0.04905947205319296,1,0,1,0
34120674,4659837240380816128,"J054425.53-665408.9 ",0.018183843998612878,1,0,1,0
36890916,4660512203083485312,"J051631.77-655905.3 ",0.3554077506847605,1,0,1,0
37490634,4660567178662904320,"J052625.49-654729.5 ",0.1716667670906852,1,0,1,0
36322238,4662596499172867712,"J044257.17-661013.2 ",0.15273398731250346,1,0,1,0
38184249,4663538578794027392,"J051141.16-653403.3 ",1.2003879021682953,1,0,1,0
36617621,4662928414258464512,"J045154.62-660425.0 ",0.05827657652805751,1,0,1,0
34357307,4659841500992429696,"J054329.49-664920.0 ",0.10906533542775061,1,0,1,0
33565376,4658929043785123456,"J051359.74-670525.7 ",1.131297132557163,1,0,1,0
33884137,4662498195975851136,"J044817.24-665856.7 ",0.675216108919424,1,1,1,0
35246166,4659755395485748992,"J055223.05-663130.2 ",0.10896546693499123,1,0,1,0
38430813,4660947923218374784,"J052617.64-652918.6 ",0.5809480865248964,1,0,1,0
38454706,4660777151027170176,"J053253.68-652851.3 ",0.12723323265098022,1,0,1,0
38264597,4660761311184135552,"J052914.28-653230.4 ",0.2917903362211634,1,0,1,0
42343439,4663195664289570048,"J044807.50-641557.0 ",0.4245822819137302,1,0,1,0
36277742,4662780770448068864,"J044017.09-661105.5 ",0.8228764107833039,1,0,1,0
38390428,4663621999921261440,"J051557.00-653005.0 ",0.2532432755341625,1,0,1,0
35892247,4659773125111345408,"J054937.26-661841.3 ",0.737723444458421,1,0,1,0
37941980,4660721797487359744,"J053258.93-653845.2 ",0.13286043398343791,1,0,1,0
38363411,4663623958426345728,"J051418.41-653036.0 ",0.1005747598681477,1,0,1,0
37668641,4660708706427775744,"J053704.76-654402.0 ",0.3468978838043482,1,0,1,0
34277222,4662503487362434944,"J045105.32-665058.3 ",0.4503695988526574,1,0,1,0
41484132,4663316644926876032,"J043930.63-643148.1 ",0.2338942932697132,1,0,1,0
37775362,4662855743398344064,"J043751.27-654158.2 ",0.8568321030734178,1,0,1,0
