ph_qual,tmass_oid,designation,ra,dec,err_maj,err_min,err_ang,j_m,j_msigcom,h_m,h_msigcom,ks_m,ks_msigcom,ext_key,j_date
"AAA",18183470,"05583058-6650321 ",89.627454,-66.84227,0.06,0.06,90,12.116,0.024,11.761,0.027,11.628,0.026,,2451111.8596
"AAA",17990644,"05441758-6654495 ",86.073269,-66.913765,0.17,0.09,1,14.721,0.045,14.428,0.062,14.359,0.09,,2450893.5422
"CUU",18327348,"05382136-6647206 ",84.589037,-66.789078,0.19,0.16,2,16.387,0.134,15.042,,15.761,,,2451580.5971
"AAA",18988176,"05345346-6633006 ",83.722783,-66.550171,0.06,0.06,45,14.542,0.059,14.264,0.065,14.213,0.079,,2451580.5792
"AAA",22573484,"05121884-6523136 ",78.078518,-65.387138,0.08,0.07,7,14.732,0.048,14.442,0.059,14.48,0.104,,2451604.551
"AAB",23070081,"05215556-6514181 ",80.481508,-65.238365,0.08,0.07,11,15.033,0.05,14.843,0.108,14.496,0.105,,2451157.6236
"AAA",19473895,"05153250-6622474 ",78.885441,-66.379852,0.07,0.07,8,14.161,0.03,13.883,0.043,13.766,0.05,,2451112.7508
"AAA",19235469,"05120449-6627469 ",78.018749,-66.463036,0.1,0.07,1,14.628,0.035,14.269,0.058,14.251,0.088,,2451112.7325
"AAA",22891858,"05212340-6517287 ",80.347524,-65.291328,0.07,0.07,83,14.486,0.032,14.084,0.054,14.16,0.083,,2451157.6237
"AAA",20888479,"05132570-6554382 ",78.357101,-65.910637,0.09,0.07,0,14.501,0.036,14.138,0.069,14.159,0.091,,2451157.5778
"AAA",19295756,"05395715-6626308 ",84.988143,-66.441895,0.09,0.08,86,14.895,0.039,14.394,0.047,14.27,0.083,,2450891.5704
"AAA",23244066,"05125399-6511129 ",78.224978,-65.18692,0.07,0.07,45,14.762,0.042,14.371,0.067,14.491,0.106,,2451604.5508
"UCU",19645448,"04592037-6619131 ",74.83488,-66.320328,0.17,0.15,106,12.917,,14.163,0.175,12.678,,,2451111.786
"AAA",19539747,"05115877-6621249 ",77.994907,-66.356926,0.11,0.07,1,13.933,0.031,13.591,0.039,13.632,0.054,,2451112.7325
"AAD",22650953,"05194803-6521492 ",79.950135,-65.36367,0.09,0.08,7,15.707,0.068,15.407,0.093,15.619,0.265,,2451592.5974
"ABC",18760932,"05384527-6637531 ",84.688653,-66.631424,0.19,0.09,0,15.733,0.059,15.301,0.11,15.203,0.202,,2450891.5621
"AAA",25528334,"05060334-6432077 ",76.513949,-64.535484,0.07,0.07,45,15.809,0.075,14.981,0.097,14.612,0.104,,2451207.5378
"ABC",23941119,"04330808-6458596 ",68.283694,-64.983238,0.11,0.11,135,15.89,0.06,15.699,0.112,15.451,0.178,,2451114.8244
"ACU",21439431,"05175536-6544177 ",79.480667,-65.738274,0.18,0.18,67,16.135,0.109,15.824,0.164,15.347,,,2451592.588
"AAA",20273348,"05035982-6606257 ",75.999289,-66.107147,0.09,0.08,2,14.882,0.04,14.628,0.077,14.477,0.093,,2451111.8132
"AAA",30585592,"07304292-6315325 ",112.678842,-63.259029,0.07,0.06,86,14.628,0.035,14.483,0.054,14.437,0.069,,2451531.7932
"AAA",20274123,"05192762-6606247 ",79.8651,-66.106888,0.08,0.07,5,14.816,0.04,14.393,0.067,14.279,0.077,,2451167.7628
"AAA",35254460,"07535437-6213098 ",118.476569,-62.219395,0.07,0.06,0,13.22,0.027,12.618,0.023,12.436,0.023,,2451550.6563
"AAB",22539489,"05143419-6523504 ",78.642491,-65.397339,0.07,0.07,0,14.888,0.037,14.645,0.047,14.657,0.119,,2451592.5696
"AAA",18566410,"05503075-6642059 ",87.628164,-66.701653,0.15,0.1,0,14.482,0.036,14.187,0.046,14.201,0.087,,2450893.5711
"AAA",22096952,"08083468-6531570 ",122.144521,-65.532516,0.07,0.06,0,13.897,0.027,13.688,0.038,13.677,0.059,,2451545.691
"ABU",18762549,"07523416-6637510 ",118.142348,-66.630844,0.11,0.11,163,15.89,0.083,15.747,0.15,15.723,,,2451529.8641
"AAA",33842799,"03305278-6231191 ",52.719944,-62.52198,0.06,0.06,45,14.544,0.029,14.231,0.035,14.412,0.078,,2451516.5805
"ABC",22837155,"05112793-6518277 ",77.866382,-65.307709,0.09,0.09,90,15.722,0.075,15.366,0.132,15.208,0.179,,2451207.5675
"AAB",17982733,"05310883-6655001 ",82.786802,-66.91671,0.08,0.07,0,15.199,0.054,14.784,0.076,14.741,0.13,,2451602.5488
"AAA",19773299,"05183247-6616346 ",79.635295,-66.276291,0.08,0.07,4,14.5,0.036,14.191,0.054,14.052,0.078,,2451167.7539
"AAA",20202936,"05163605-6607504 ",79.15022,-66.130676,0.08,0.08,90,14.893,0.043,14.649,0.076,14.482,0.109,,2451167.7441
"AAA",19971227,"05041714-6612320 ",76.071454,-66.208893,0.08,0.08,17,14.779,0.035,14.693,0.084,14.444,0.086,,2451111.8132
"AAA",18620341,"05382499-6640552 ",84.604127,-66.682022,0.08,0.08,45,14.97,0.045,14.633,0.074,14.47,0.102,,2451580.5972
"AAA",17572129,"05400313-6704180 ",85.013067,-67.071671,0.08,0.07,4,14.742,0.045,14.447,0.056,14.378,0.1,,2450891.57
"AAA",22222250,"05041267-6529382 ",76.052824,-65.493965,0.07,0.06,11,14.555,0.036,14.271,0.039,14.195,0.07,,2451115.827
"AAA",22011074,"05103669-6533319 ",77.652912,-65.558876,0.06,0.06,90,14.043,0.026,13.732,0.034,13.675,0.055,,2451207.559
"AAA",17902188,"05375368-6656487 ",84.473695,-66.946869,0.08,0.07,86,13.913,0.03,13.705,0.036,13.552,0.055,,2451580.597
"AAA",22191296,"05132214-6530126 ",78.342284,-65.503525,0.08,0.07,11,14.776,0.038,14.538,0.068,14.423,0.099,,2451157.5775
"AAA",22115076,"07242875-6531369 ",111.119816,-65.526932,0.06,0.06,90,14.509,0.041,13.917,0.043,13.707,0.056,,2451531.7579
"AAA",20279462,"05263960-6606184 ",81.665003,-66.105133,0.08,0.07,86,14.441,0.04,14.197,0.044,14.019,0.066,,2451583.6079
"AAB",19670876,"05493740-6618415 ",87.405861,-66.311539,0.12,0.08,179,15.141,0.048,14.984,0.09,14.793,0.152,,2450893.5699
"AAA",21855735,"05045645-6536258 ",76.235221,-65.607178,0.07,0.06,0,13.411,0.024,13.021,0.032,13.0,0.039,,2451207.5298
"AAA",19763140,"05040435-6616472 ",76.018137,-66.279793,0.08,0.08,8,14.825,0.05,14.661,0.072,14.512,0.104,,2451111.8133
"BDU",24210571,"07021262-6454213 ",105.552601,-64.90593,0.28,0.26,16,16.706,0.146,16.269,0.246,16.429,,,2451160.8016
"AAA",17955545,"05271819-6655366 ",81.825796,-66.926857,0.07,0.07,23,15.062,0.033,14.621,0.049,14.56,0.099,,2451583.6085
"AAB",19011023,"05095451-6632315 ",77.477133,-66.542107,0.09,0.07,2,15.061,0.057,14.752,0.082,14.669,0.118,,2451112.7312
"AAA",19432336,"05271818-6623401 ",81.825774,-66.394478,0.08,0.07,3,15.02,0.049,14.656,0.072,14.535,0.098,,2451583.6081
"AAA",20683031,"04350388-6558241 ",68.766195,-65.973373,0.08,0.07,81,14.796,0.035,14.508,0.057,14.36,0.086,,2451477.8276
"ABC",21971893,"05265850-6534158 ",81.743757,-65.571068,0.16,0.14,92,15.966,0.083,15.391,0.128,15.23,0.207,,2451157.653
"AAB",19761373,"05115629-6616493 ",77.984548,-66.28038,0.13,0.08,0,14.733,0.063,14.448,0.083,14.581,0.122,,2451112.7324
"AAA",17900163,"05213875-6656515 ",80.411462,-66.947655,0.08,0.06,2,14.173,0.03,13.839,0.039,13.723,0.052,,2451167.7641
"AAB",21274532,"05113447-6547261 ",77.893625,-65.790596,0.09,0.08,6,14.75,0.036,14.539,0.06,14.732,0.104,,2451207.5679
"AAB",18078539,"05515681-6652516 ",87.986743,-66.881004,0.17,0.08,0,14.982,0.047,14.781,0.075,14.696,0.101,,2451111.8314
"ABD",21379250,"04515409-6545266 ",72.975375,-65.757416,0.11,0.11,7,15.647,0.069,15.562,0.116,15.564,0.224,,2451115.762
"AAA",22970672,"05192854-6516045 ",79.868954,-65.267929,0.07,0.06,7,14.75,0.037,14.567,0.057,14.364,0.076,,2451592.5974
"AAA",21172636,"05034523-6549229 ",75.938474,-65.823029,0.08,0.07,0,14.533,0.035,14.283,0.03,14.09,0.065,,2451115.8273
"BDU",20602223,"05093419-6559539 ",77.392462,-65.998306,0.29,0.25,2,16.497,0.149,16.017,0.246,15.068,,,2451112.7225
"AAB",22348381,"05134281-6527197 ",78.428394,-65.455498,0.08,0.07,0,14.981,0.064,14.687,0.08,14.637,0.142,,2451157.5775
"AAU",18045844,"04591944-6653352 ",74.831024,-66.893135,0.08,0.08,163,14.916,0.053,14.632,0.082,14.805,,,2451111.7864
"AAA",22572083,"05215752-6523152 ",80.489676,-65.387558,0.07,0.06,5,14.498,0.033,14.117,0.044,14.061,0.071,,2451157.625
"AAA",18768820,"05372828-6637430 ",84.367861,-66.628624,0.08,0.07,6,13.362,0.031,12.956,0.026,12.835,0.035,,2451580.5972
"AAA",18974627,"05452847-6633183 ",86.368665,-66.555099,0.11,0.07,0,14.554,0.031,14.369,0.048,14.388,0.098,,2450893.5503
"ACU",21802086,"07464412-6537260 ",116.68387,-65.623901,0.19,0.17,82,15.929,0.09,15.91,0.169,16.712,,,2451955.7614
"BDU",19951013,"05112078-6612566 ",77.836618,-66.215744,0.34,0.3,163,16.316,0.127,16.122,0.256,16.771,,,2451112.7324
"AAA",19190465,"05374233-6628434 ",84.426382,-66.478729,0.08,0.07,3,13.837,0.027,13.415,0.037,13.326,0.044,,2451580.5973
"ADU",20436248,"05104502-6603103 ",77.687614,-66.052879,0.16,0.12,2,15.956,0.102,16.11,0.264,16.234,,,2451112.7316
"AAA",20449120,"05195040-6602549 ",79.960022,-66.048592,0.09,0.06,2,14.538,0.04,14.299,0.055,14.227,0.079,,2451167.7629
"AAA",19651775,"04530575-6619052 ",73.273993,-66.318138,0.11,0.08,1,14.922,0.041,14.483,0.067,14.392,0.081,,2451111.7568
"AAC",23884452,"05160382-6459576 ",79.015954,-64.999359,0.08,0.08,135,15.355,0.052,15.119,0.094,15.089,0.147,,2451592.5778
"AAA",22029681,"05241420-6533113 ",81.059206,-65.553146,0.07,0.06,0,14.055,0.038,13.738,0.053,13.649,0.053,,2451157.6346
"AAB",20200237,"05015113-6607538 ",75.463083,-66.131615,0.09,0.09,5,14.936,0.059,14.793,0.075,14.486,0.112,,2451111.8035
"ABC",19467206,"05310716-6622559 ",82.779848,-66.382195,0.11,0.09,6,15.638,0.085,15.401,0.125,15.298,0.192,,2451602.5484
"AAA",19225562,"05023854-6627594 ",75.660592,-66.466522,0.08,0.08,45,14.842,0.041,14.582,0.074,14.53,0.096,,2451111.8037
"AAB",21641585,"05312137-6540271 ",82.839052,-65.674202,0.1,0.07,0,15.121,0.046,14.962,0.097,14.737,0.13,,2451157.6802
"AAA",21602019,"05094268-6541121 ",77.427857,-65.686722,0.06,0.06,90,14.547,0.032,14.198,0.038,14.022,0.074,,2451207.5581
"AAA",22546446,"07085159-6523428 ",107.214969,-65.395226,0.08,0.06,2,14.614,0.044,14.421,0.055,14.25,0.071,,2451531.657
"AAB",20331375,"05315889-6605160 ",82.995402,-66.087791,0.08,0.07,4,14.686,0.037,14.433,0.059,14.335,0.114,,2451630.537
"BUU",19607724,"05055647-6619599 ",76.485325,-66.333313,0.18,0.17,61,16.441,0.133,17.32,,15.395,,,2451111.822
"AAA",18602570,"05362918-6641185 ",84.121606,-66.688499,0.08,0.07,7,14.308,0.038,14.259,0.054,14.104,0.071,,2451580.589
"AAA",20218620,"06552725-6607315 ",103.863572,-66.12542,0.08,0.06,0,13.55,0.023,13.252,0.027,13.237,0.037,,2451156.6942
"AAA",17937725,"04531917-6656004 ",73.329881,-66.933472,0.07,0.06,4,14.64,0.038,14.529,0.058,14.469,0.089,,2451111.7651
"BBU",22731241,"04433496-6520219 ",70.895671,-65.339417,0.18,0.17,9,16.46,0.124,15.839,0.151,15.495,,,2451115.7068
"AAB",20053730,"05192035-6610512 ",79.834805,-66.180908,0.09,0.08,4,14.74,0.049,14.524,0.06,14.595,0.11,,2451167.7539
"AAA",19843805,"05193861-6615078 ",79.9109,-66.252182,0.08,0.06,0,14.004,0.029,13.783,0.034,13.698,0.055,,2451167.7627
"AAA",19545475,"05155675-6621177 ",78.986466,-66.354935,0.07,0.07,8,13.766,0.031,13.445,0.035,13.37,0.047,,2451167.7443
"AAB",18711967,"05250472-6638563 ",81.269671,-66.648987,0.08,0.07,5,15.1,0.044,14.755,0.059,14.813,0.123,,2451583.5986
"AAA",20733817,"05251925-6557280 ",81.330224,-65.957794,0.14,0.09,0,14.804,0.048,14.612,0.088,14.296,0.105,,2451157.6436
"AAA",20779895,"05202418-6556376 ",80.100786,-65.943779,0.07,0.06,86,13.87,0.032,13.591,0.033,13.56,0.048,,2451592.5983
"AAA",17462910,"05192117-6706491 ",79.838237,-67.11364,0.07,0.07,58,14.644,0.043,14.364,0.066,14.233,0.093,,2451167.7545
"AAA",22257658,"05081702-6528595 ",77.070931,-65.4832,0.06,0.06,0,14.409,0.041,14.057,0.059,14.188,0.081,,2451207.5482
"AAA",22657083,"05160382-6521425 ",79.015917,-65.361824,0.06,0.06,17,14.506,0.039,14.258,0.047,14.138,0.065,,2451592.578
"BCC",19074937,"05014048-6631096 ",75.418692,-66.519348,0.22,0.21,45,16.438,0.146,15.769,0.17,15.281,0.198,,2451111.8037
"AAC",23609280,"05172586-6504447 ",79.357755,-65.079109,0.09,0.08,11,15.545,0.065,15.261,0.086,15.238,0.212,,2451592.5875
"AAB",19266950,"05133273-6627072 ",78.386402,-66.452019,0.1,0.07,1,14.993,0.039,14.735,0.073,14.735,0.135,,2451112.7422
"AAA",17411514,"06161751-6708008 ",94.072975,-67.133575,0.07,0.06,0,15.382,0.054,14.81,0.063,14.537,0.091,,2451112.8706
"AAA",20363793,"05213407-6604371 ",80.39197,-66.076981,0.08,0.07,87,14.405,0.038,14.294,0.065,14.116,0.074,,2451167.7635
"AAA",18858043,"05061959-6635478 ",76.581666,-66.596626,0.07,0.06,4,15.011,0.044,14.66,0.075,14.379,0.085,,2451111.8232
"AAC",19981883,"05443112-6612188 ",86.129692,-66.205238,0.1,0.08,180,15.307,0.066,14.898,0.091,14.802,0.163,,2450893.5505
"AUU",24281262,"04495593-6453086 ",72.483072,-64.885727,0.24,0.22,152,16.296,0.103,16.202,,15.965,,,2451115.7517
"AAA",18476439,"05285972-6644035 ",82.248855,-66.734306,0.08,0.06,0,14.867,0.054,14.473,0.066,14.344,0.083,,2451625.5251
"AAB",18061134,"05520560-6653147 ",88.023365,-66.887428,0.17,0.08,0,14.857,0.037,14.577,0.062,14.675,0.1,,2451111.8314
"AAA",20761688,"05222726-6556576 ",80.613606,-65.949348,0.08,0.07,3,14.695,0.056,14.386,0.083,14.106,0.079,,2451167.7726
"AAA",20368047,"05033587-6604321 ",75.899459,-66.0756,0.08,0.06,88,14.086,0.024,13.755,0.039,13.713,0.053,,2451111.8125
"AAB",18216972,"05072109-6649474 ",76.837888,-66.829834,0.07,0.07,17,14.918,0.061,14.581,0.08,14.786,0.149,,2451111.8234
"AAA",17668782,"05384076-6702057 ",84.669864,-67.034943,0.19,0.06,0,14.885,0.047,14.522,0.063,14.488,0.104,,2450891.5624
"AAA",19936172,"05071919-6613147 ",76.829999,-66.220764,0.07,0.06,0,14.486,0.043,14.177,0.058,13.958,0.065,,2451111.8229
"AAA",18839970,"05232920-6636110 ",80.871706,-66.603081,0.07,0.06,11,14.424,0.037,14.03,0.046,14.076,0.073,,2451583.5971
"AAA",19485819,"05111114-6622324 ",77.796417,-66.375671,0.11,0.08,1,14.806,0.041,14.41,0.065,14.45,0.092,,2451112.7325
"AAA",22220810,"04530852-6529398 ",73.285533,-65.494408,0.08,0.07,0,14.98,0.041,14.62,0.056,14.572,0.105,,2451115.7629
"UAU",19242824,"05130802-6627376 ",78.283451,-66.460464,0.11,0.11,90,14.898,,14.631,0.078,14.244,,,2451490.7864
"AAA",21093755,"05103062-6550538 ",77.627599,-65.848305,0.08,0.07,83,15.117,0.05,14.774,0.062,14.559,0.095,,2451207.5588
"AAB",23290585,"05213517-6510231 ",80.396548,-65.173096,0.08,0.07,7,14.935,0.049,14.628,0.085,14.639,0.126,,2451157.6236
"AAB",19594090,"05580614-6620169 ",89.525613,-66.338036,0.08,0.08,8,15.148,0.05,15.038,0.089,14.896,0.13,,2451111.8592
"AAC",19293439,"05353407-6626337 ",83.891988,-66.442696,0.11,0.09,5,15.404,0.061,14.974,0.089,15.187,0.197,,2451580.5877
"AAB",38437857,"03510155-6133279 ",57.756468,-61.557758,0.08,0.07,7,14.942,0.038,14.667,0.067,14.823,0.111,,2451501.6403
"ABB",17951323,"04494665-6655423 ",72.444402,-66.928429,0.08,0.07,0,15.408,0.06,15.042,0.127,14.945,0.139,,2450904.522
"AAA",16702522,"06553538-6724532 ",103.897429,-67.41478,0.07,0.06,0,13.551,0.024,13.368,0.023,13.318,0.038,,2451156.6932
"AAA",18020999,"05442555-6654089 ",86.106481,-66.902481,0.17,0.08,180,14.497,0.033,14.23,0.047,14.226,0.087,,2450893.5422
"AAA",19641483,"06054265-6619180 ",91.427724,-66.321693,0.07,0.06,0,14.694,0.035,14.046,0.035,13.731,0.046,,2451112.8159
"AAA",20339785,"05212220-6605058 ",80.342504,-66.084961,0.08,0.07,90,14.783,0.037,14.473,0.056,14.274,0.088,,2451167.7635
"AAB",18575801,"04583594-6641537 ",74.649791,-66.698265,0.07,0.07,0,15.087,0.037,14.874,0.063,14.749,0.107,,2451111.7847
"AAA",18265218,"05340942-6648434 ",83.539276,-66.812057,0.06,0.06,90,14.52,0.037,14.164,0.039,14.208,0.07,,2451580.5794
"AAA",19058447,"05042319-6631309 ",76.096664,-66.525253,0.07,0.06,11,14.373,0.038,14.007,0.044,14.068,0.062,,2451111.8135
"AAB",23876819,"05152424-6500055 ",78.851014,-65.001534,0.07,0.07,45,15.154,0.046,14.787,0.065,14.696,0.113,,2451592.5778
"AAA",20296649,"05553030-6605577 ",88.876275,-66.099365,0.09,0.09,90,14.53,0.029,14.126,0.04,14.188,0.061,,2451111.8493
"AAA",18782957,"05203205-6637245 ",80.133544,-66.623489,0.07,0.06,4,14.151,0.027,13.794,0.053,13.739,0.059,,2451167.7624
"BCU",21643934,"05375159-6540244 ",84.464995,-65.673462,0.26,0.24,26,16.433,0.144,15.896,0.213,15.026,,,2451157.7178
"AAA",19657855,"05161708-6618576 ",79.071171,-66.316002,0.07,0.07,0,13.984,0.031,13.659,0.039,13.595,0.047,,2451167.7442
"AAA",19025622,"05120970-6632129 ",78.040455,-66.536919,0.08,0.07,3,14.588,0.035,14.364,0.059,14.251,0.086,,2451112.7326
"AAA",21301008,"05122711-6546559 ",78.112973,-65.782196,0.12,0.07,1,14.413,0.053,14.142,0.065,14.042,0.072,,2451604.5512
"AAA",17536786,"05384639-6705069 ",84.69332,-67.085258,0.18,0.06,0,13.704,0.032,13.333,0.036,13.185,0.04,,2450891.5624
"AAA",20186453,"05325641-6608105 ",83.235075,-66.136276,0.07,0.07,82,13.975,0.033,13.839,0.022,13.69,0.046,,2451580.5782
"BUU",20463357,"06452281-6602381 ",101.345079,-66.04393,0.2,0.15,0,16.671,0.149,15.782,,16.761,,,2451156.6476
"AAA",17741035,"05494014-6700279 ",87.417281,-67.007751,0.15,0.06,0,13.318,0.023,13.005,0.028,12.912,0.038,,2450893.5694
"AAA",22342554,"06555897-6527263 ",103.995744,-65.457321,0.06,0.06,90,13.035,0.023,12.393,0.027,12.253,0.03,,2451160.7566
"AAA",19390425,"04542779-6624326 ",73.615794,-66.409073,0.09,0.08,2,14.216,0.029,13.792,0.04,13.709,0.058,,2451111.7666
"AAA",20009802,"05024369-6611449 ",75.68205,-66.195808,0.09,0.06,88,14.675,0.041,14.36,0.056,14.452,0.081,,2451111.8124
"BDD",17791799,"05060984-6659186 ",76.541,-66.988518,0.39,0.35,9,16.361,0.115,16.026,0.25,15.846,0.316,,2451111.8215
"AAA",19501019,"05094936-6622132 ",77.455685,-66.370354,0.1,0.07,1,15.078,0.054,14.692,0.083,14.554,0.105,,2451112.7228
"AAA",22218439,"05155750-6529425 ",78.989618,-65.49514,0.06,0.06,0,14.1,0.029,13.813,0.031,13.633,0.041,,2451592.5781
"AAA",21683161,"05084563-6539401 ",77.190125,-65.661156,0.08,0.08,8,14.829,0.034,14.55,0.067,14.495,0.104,,2451207.5492
"AAA",21480287,"07053882-6543307 ",106.411763,-65.72522,0.06,0.06,90,12.354,0.023,11.737,0.025,11.626,0.023,,2451531.6378
"AAA",20109857,"05223461-6609429 ",80.64423,-66.161942,0.08,0.07,2,14.553,0.03,14.099,0.047,14.074,0.069,,2451167.7725
"AAA",25383519,"08295440-6434322 ",127.476706,-64.575638,0.06,0.06,90,12.288,0.023,12.12,0.023,12.074,0.024,,2451545.8206
"AAA",18159381,"05230350-6651041 ",80.764604,-66.851158,0.06,0.06,90,14.618,0.04,14.382,0.053,14.183,0.08,,2451583.5969
"AAA",23320189,"05194419-6509513 ",79.934139,-65.164261,0.07,0.06,0,14.192,0.03,13.923,0.036,13.9,0.054,,2451592.5973
"AAA",22194296,"05051758-6530094 ",76.323289,-65.502625,0.08,0.07,7,14.937,0.039,14.511,0.066,14.443,0.091,,2451207.5299
"AAB",21616655,"05142224-6540554 ",78.592683,-65.682076,0.08,0.07,7,15.037,0.044,14.774,0.062,14.756,0.127,,2451592.5694
"BUU",21389806,"07524265-6545143 ",118.177735,-65.753998,0.18,0.16,4,16.466,0.147,15.847,,15.146,,,2451550.6499
"AAB",19017052,"04513619-6632238 ",72.900799,-66.539963,0.19,0.12,0,15.009,0.051,14.727,0.074,14.556,0.114,,2451111.7557
"AAB",17865489,"05460354-6657387 ",86.514758,-66.96077,0.08,0.07,5,14.746,0.04,14.456,0.058,14.393,0.126,,2450893.5519
"AAA",19950721,"04592738-6612570 ",74.864119,-66.215843,0.08,0.08,8,14.798,0.051,14.492,0.062,14.43,0.088,,2451111.7859
"AAA",21270720,"05101451-6547305 ",77.560464,-65.791809,0.07,0.07,45,14.795,0.043,14.463,0.049,14.394,0.093,,2451207.5581
"AAA",20262420,"04570593-6606389 ",74.274715,-66.110817,0.11,0.07,1,14.649,0.035,14.294,0.055,14.397,0.109,,2451111.7761
"AAA",22616620,"05122486-6522266 ",78.103594,-65.374077,0.08,0.07,7,15.084,0.05,14.656,0.066,14.451,0.083,,2451604.5509
"AAA",18467881,"05093031-6644146 ",77.376302,-66.737411,0.07,0.07,17,14.835,0.037,14.604,0.068,14.441,0.1,,2451112.723
"BUU",22288778,"08081535-6528252 ",122.063986,-65.473694,0.17,0.15,7,16.521,0.137,16.161,,14.926,,,2451545.6909
"AAB",23961104,"05163937-6458390 ",79.164061,-64.977516,0.07,0.07,73,15.2,0.063,14.895,0.086,14.621,0.119,,2451592.5796
"AAA",20925660,"05155857-6553576 ",78.994056,-65.899361,0.07,0.06,5,14.121,0.029,13.897,0.022,13.836,0.066,,2451592.5784
"AAA",19569658,"05145083-6620476 ",78.711805,-66.346565,0.07,0.07,0,14.236,0.029,14.015,0.041,13.788,0.05,,2451112.7508
"AAA",21148789,"04533529-6549502 ",73.397047,-65.830627,0.08,0.08,0,14.492,0.034,14.216,0.045,14.411,0.092,,2451115.7627
"AAA",20198808,"05172476-6607555 ",79.353177,-66.132103,0.08,0.07,2,14.807,0.04,14.547,0.069,14.276,0.072,,2451167.7531
"AAB",17140764,"06521181-6714219 ",103.049246,-67.239441,0.09,0.07,2,15.134,0.045,14.844,0.062,14.791,0.12,,2451156.6763
"ABC",18163608,"04510528-6650584 ",72.772006,-66.849564,0.25,0.17,179,15.984,0.107,15.42,0.13,15.007,0.17,,2451111.7554
"AAB",20828444,"05033620-6555441 ",75.900873,-65.928917,0.1,0.07,89,15.212,0.07,14.935,0.088,14.856,0.137,,2451111.8126
"AAA",19683286,"05190293-6618261 ",79.762223,-66.307266,0.09,0.08,0,14.833,0.047,14.409,0.067,14.376,0.099,,2451167.754
"AAA",19474222,"05101850-6622470 ",77.577094,-66.379738,0.09,0.06,1,14.321,0.037,14.013,0.048,13.953,0.068,,2451112.7314
"AAA",18614813,"05401145-6641025 ",85.047746,-66.684052,0.08,0.07,84,14.465,0.032,14.144,0.035,14.068,0.069,,2450891.5703
"AAA",20330571,"05335552-6605170 ",83.481335,-66.088058,0.08,0.07,6,14.622,0.061,14.311,0.077,14.148,0.083,,2451580.5789
"AAA",21277788,"05040781-6547223 ",76.032574,-65.789543,0.08,0.07,4,14.401,0.024,14.12,0.034,13.959,0.051,,2451115.8272
"AAA",18434004,"05023715-6644592 ",75.654823,-66.749802,0.06,0.06,45,14.478,0.032,14.119,0.035,14.109,0.064,,2451111.8039
"AAA",18451196,"05424876-6644363 ",85.703181,-66.743439,0.16,0.06,0,14.055,0.028,13.83,0.04,13.619,0.041,,2450893.5404
"AAA",27319218,"03360781-6403307 ",54.032582,-64.05854,0.06,0.06,0,13.459,0.026,13.117,0.029,13.031,0.029,,2451516.6053
"AAA",19364181,"05261196-6625055 ",81.549853,-66.418213,0.07,0.06,0,13.707,0.023,13.45,0.033,13.393,0.045,,2451583.6069
"ABC",18337904,"05380703-6647066 ",84.5293,-66.785172,0.11,0.09,2,15.671,0.085,15.371,0.121,15.266,0.196,,2451580.5971
"AAA",19751289,"05373455-6617018 ",84.393979,-66.283852,0.09,0.07,2,14.734,0.042,14.466,0.059,14.228,0.075,,2451580.5975
"AAA",20098264,"05085022-6609570 ",77.209277,-66.165855,0.12,0.06,1,14.43,0.038,14.08,0.049,14.002,0.076,,2451112.7226
"AAA",20843116,"05100602-6555278 ",77.525085,-65.924416,0.06,0.06,90,14.552,0.041,14.203,0.068,14.213,0.084,,2451207.5582
"AAB",19883826,"05282256-6614190 ",82.094018,-66.238625,0.08,0.07,0,15.162,0.053,14.865,0.089,14.981,0.139,,2451586.551
"AAA",22424623,"05133060-6525561 ",78.377504,-65.432266,0.08,0.07,7,14.776,0.045,14.469,0.07,14.449,0.104,,2451157.5774
"AAB",19065122,"06311588-6631222 ",97.816203,-66.522842,0.08,0.07,5,15.526,0.049,15.02,0.086,14.736,0.103,,2451155.8075
"AAA",32211036,"08021085-6253047 ",120.54523,-62.884647,0.08,0.06,2,14.371,0.037,13.815,0.037,13.746,0.048,,2451545.6523
"ABU",23063159,"08324078-6514256 ",128.169925,-65.240456,0.16,0.16,135,16.1,0.1,15.803,0.142,15.488,,,2451545.8389
"AAA",18627616,"05061481-6640459 ",76.561725,-66.67942,0.07,0.06,0,11.137,0.021,10.942,0.028,10.858,0.023,,2451111.8217
"AAB",17787526,"05034598-6659245 ",75.941598,-66.990158,0.07,0.07,90,15.088,0.055,14.819,0.089,14.776,0.12,,2451111.8118
"AAA",22851130,"05270738-6518126 ",81.780774,-65.303513,0.06,0.06,0,13.661,0.03,13.268,0.03,13.186,0.044,,2451157.6528
"AAA",19713249,"05040522-6617490 ",76.021771,-66.296967,0.07,0.06,5,14.821,0.038,14.494,0.068,14.444,0.082,,2451111.8133
"AAB",20166608,"05170116-6608345 ",79.254842,-66.142921,0.08,0.08,45,14.663,0.04,14.378,0.06,14.624,0.105,,2451167.7441
"ABC",19658616,"04584287-6618566 ",74.678634,-66.315742,0.15,0.14,4,16.005,0.09,15.367,0.117,15.25,0.186,,2451111.785
"AAA",17382731,"07053214-6708412 ",106.383957,-67.144798,0.1,0.06,0,14.901,0.033,14.345,0.041,14.214,0.072,,2451529.6308
"AAB",19565008,"05112137-6620534 ",77.839079,-66.348175,0.12,0.09,1,14.865,0.051,14.691,0.093,14.768,0.125,,2451112.7325
"AAA",19440313,"05361215-6623297 ",84.050639,-66.391602,0.08,0.07,2,14.583,0.032,14.257,0.051,14.223,0.07,,2451580.5888
"AAB",18448825,"05393771-6644395 ",84.907127,-66.744324,0.19,0.09,180,15.16,0.045,14.922,0.079,14.85,0.136,,2450891.5621
"BCU",22270873,"05264270-6528448 ",81.67794,-65.479134,0.23,0.22,91,16.437,0.146,15.863,0.2,16.678,,,2451157.6443
"AAA",21508817,"05033206-6542581 ",75.883589,-65.716148,0.08,0.06,3,13.416,0.027,13.113,0.03,13.035,0.034,,2451115.8272
"AAA",18870251,"04521463-6635323 ",73.060962,-66.592316,0.11,0.08,0,14.302,0.035,14.022,0.04,13.782,0.057,,2451111.757
"AAA",20131985,"05333389-6609162 ",83.391221,-66.15451,0.08,0.08,45,15.039,0.041,14.656,0.079,14.375,0.084,,2451580.5782
"ACU",19397091,"04492863-6624244 ",72.369299,-66.406792,0.25,0.1,0,15.637,0.103,15.396,0.197,12.758,,,2450904.5204
"AAA",20349852,"05452332-6604538 ",86.347189,-66.081612,0.1,0.07,0,14.591,0.041,14.278,0.048,14.21,0.087,,2450893.5506
"AAA",19302651,"05522971-6626221 ",88.123833,-66.439484,0.16,0.08,1,14.2,0.03,13.989,0.046,13.925,0.058,,2451111.8317
"AAA",24428548,"05170577-6450375 ",79.274054,-64.843758,0.06,0.06,73,14.748,0.038,14.41,0.049,14.399,0.075,,2451592.5797
"ABU",17578818,"06145524-6704088 ",93.7302,-67.069138,0.18,0.17,104,16.012,0.086,15.693,0.155,15.95,,,2451112.8631
"AAA",20692906,"05245804-6558133 ",81.241835,-65.970375,0.12,0.07,1,14.708,0.035,14.509,0.049,14.27,0.079,,2451583.5981
"AAA",19105776,"05273111-6630306 ",81.879665,-66.508522,0.07,0.07,0,13.541,0.026,13.203,0.022,13.121,0.043,,2451583.6082
"ACU",19502065,"05165293-6622120 ",79.220543,-66.370003,0.22,0.21,164,15.949,0.098,15.723,0.169,15.363,,,2451167.7443
"AAA",19135356,"05071332-6629533 ",76.805539,-66.498146,0.07,0.07,83,14.283,0.043,13.929,0.051,13.902,0.074,,2451111.8231
"AAA",17690149,"05490672-6701364 ",87.27803,-67.026787,0.15,0.06,0,14.753,0.029,14.431,0.047,14.262,0.087,,2450893.5617
"AAA",19898456,"05154518-6614011 ",78.938251,-66.233643,0.08,0.08,45,15.059,0.04,14.541,0.061,14.535,0.099,,2451112.7509
"AAA",19346130,"05160390-6625282 ",79.016258,-66.424522,0.07,0.07,0,13.495,0.023,13.169,0.026,13.072,0.04,,2451167.7443
"AAB",24159070,"05181893-6455147 ",79.578893,-64.920761,0.08,0.07,7,14.89,0.039,14.58,0.059,14.733,0.126,,2451592.5893
"AAC",17866825,"05233677-6657369 ",80.903219,-66.960251,0.08,0.08,45,15.522,0.063,15.217,0.101,15.13,0.163,,2451583.5968
"AAA",18615809,"04562330-6641012 ",74.097088,-66.683693,0.06,0.06,17,14.551,0.04,14.18,0.051,14.143,0.069,,2451111.775
"BCU",21555157,"08152156-6542056 ",123.839854,-65.701561,0.21,0.2,109,16.532,0.13,16.1,0.178,15.825,,,2451545.7288
"AAA",20556445,"08044172-6600472 ",121.173865,-66.013138,0.08,0.07,84,14.987,0.048,14.299,0.042,14.165,0.067,,2451538.6907
"AAB",27524636,"03562302-6400193 ",59.095957,-64.005386,0.07,0.07,45,15.16,0.039,15.019,0.077,14.983,0.133,,2451501.6725
"AAB",17763536,"05441096-6659573 ",86.045673,-66.999252,0.17,0.09,0,15.095,0.043,14.794,0.074,14.747,0.124,,2450893.5422
"AAB",18498131,"05222443-6643350 ",80.601795,-66.72641,0.1,0.07,1,15.069,0.054,14.787,0.075,14.688,0.116,,2451167.7721
"AAA",19605731,"05010533-6620023 ",75.272217,-66.333992,0.08,0.08,90,14.833,0.062,14.571,0.088,14.419,0.093,,2451111.8026
"AAA",22198484,"05155698-6530048 ",78.98745,-65.50135,0.06,0.06,17,14.882,0.036,14.581,0.065,14.328,0.08,,2451592.5781
"AAA",21393765,"05034393-6545098 ",75.933074,-65.752731,0.09,0.08,4,14.942,0.04,14.658,0.056,14.604,0.093,,2451115.8272
"AAA",19845277,"05203850-6615059 ",80.160429,-66.251656,0.07,0.07,8,13.38,0.029,13.048,0.03,12.913,0.034,,2451167.7636
"AAA",27205970,"07113167-6405162 ",107.881982,-64.08786,0.08,0.06,2,13.927,0.032,13.66,0.035,13.56,0.039,,2451531.6734
"AAA",19059031,"05522306-6631301 ",88.096107,-66.52504,0.16,0.08,0,14.235,0.024,13.996,0.044,13.909,0.06,,2451111.8317
"AAA",21416651,"07032474-6544437 ",105.853109,-65.745499,0.08,0.08,45,14.973,0.045,14.638,0.062,14.416,0.098,,2451531.6281
"AAB",19819962,"05303781-6615371 ",82.657547,-66.260315,0.11,0.08,0,15.062,0.05,14.972,0.094,14.823,0.137,,2451602.5484
"AAA",21891975,"05123429-6535453 ",78.142912,-65.595917,0.09,0.06,1,14.631,0.04,14.365,0.049,14.171,0.067,,2451604.5511
"AAA",19024702,"05234309-6632141 ",80.929562,-66.537254,0.07,0.06,5,14.248,0.03,13.94,0.047,13.84,0.064,,2451583.5971
"AAA",22170255,"05141839-6530360 ",78.576648,-65.510002,0.06,0.06,17,14.587,0.04,14.366,0.056,14.254,0.066,,2451592.5695
"AUU",17358156,"05152013-6709157 ",78.833913,-67.154388,0.11,0.11,90,15.662,0.074,16.269,,15.918,,,2451112.7502
"AAA",21864297,"05345837-6536163 ",83.743217,-65.604538,0.08,0.07,4,14.951,0.038,14.622,0.068,14.263,0.085,,2451157.7072
"AAA",17499891,"05274739-6705577 ",81.947481,-67.09938,0.07,0.06,0,13.44,0.03,12.857,0.021,12.662,0.029,,2451586.5516
"AAA",22505899,"05202480-6524273 ",80.103362,-65.407585,0.06,0.06,45,14.649,0.036,14.446,0.049,14.249,0.071,,2451592.5987
"AAA",19147013,"05243010-6629382 ",81.12542,-66.493965,0.08,0.06,0,14.336,0.038,14.059,0.038,13.871,0.057,,2451583.5984
"AAA",19814305,"05324724-6615441 ",83.196871,-66.262253,0.07,0.07,90,12.949,0.024,12.596,0.022,12.481,0.031,,2451580.5781
"AAA",17791173,"05124142-6659195 ",78.172589,-66.98877,0.06,0.06,90,14.684,0.033,14.293,0.044,14.132,0.057,,2451490.7868
"AAB",20377030,"05142379-6604215 ",78.599147,-66.072662,0.13,0.07,0,14.721,0.037,14.559,0.064,14.573,0.122,,2451112.742
"ACU",24679966,"04403361-6446216 ",70.140043,-64.772675,0.17,0.16,0,16.312,0.089,15.955,0.159,15.838,,,2451114.8711
"AAA",21175987,"05042563-6549191 ",76.106833,-65.821991,0.08,0.07,2,14.448,0.032,14.187,0.038,14.264,0.077,,2451115.8273
"AAB",20882827,"05315290-6554445 ",82.970436,-65.912384,0.08,0.08,45,15.124,0.061,14.961,0.089,14.805,0.146,,2451630.5371
"UAA",20294718,"05302222-6605599 ",82.592594,-66.099998,0.12,0.09,179,14.258,,13.995,0.055,13.953,0.066,,2451602.5482
"AAA",18233058,"05194817-6649259 ",79.950749,-66.823875,0.07,0.06,4,14.366,0.035,14.068,0.047,13.973,0.066,,2451167.7623
"BDU",23515359,"04565422-6506236 ",74.225925,-65.106567,0.27,0.24,96,16.767,0.155,16.313,0.222,16.759,,,2451115.7895
"AAB",22472477,"05194445-6525036 ",79.935237,-65.417679,0.08,0.07,11,15.021,0.044,14.809,0.053,14.66,0.113,,2451592.5975
"AAA",19991361,"05104495-6612073 ",77.687326,-66.202034,0.11,0.07,1,14.728,0.035,14.324,0.065,14.368,0.098,,2451112.7315
"AAA",17392823,"05292347-6708272 ",82.3478,-67.1409,0.06,0.06,45,14.752,0.058,14.476,0.095,14.308,0.103,,2451625.5254
"AAA",17883412,"04532920-6657144 ",73.371699,-66.954018,0.06,0.06,45,14.44,0.035,14.06,0.048,13.922,0.061,,2451111.7651
"AAC",22814140,"04425956-6518526 ",70.748208,-65.314613,0.09,0.09,17,15.405,0.054,15.239,0.105,15.072,0.16,,2451115.7054
"AAB",19020508,"05095176-6632195 ",77.46567,-66.538757,0.08,0.07,0,14.952,0.032,14.688,0.083,14.631,0.1,,2451112.7229
"AAC",23389613,"05032661-6508372 ",75.860875,-65.143677,0.08,0.08,45,15.629,0.062,15.334,0.084,15.342,0.163,,2451115.8186
"AAA",19100249,"05301086-6630376 ",82.545263,-66.510452,0.08,0.06,2,14.173,0.033,13.8,0.03,13.687,0.052,,2451602.5485
"AAA",21313598,"05090370-6546414 ",77.265418,-65.778175,0.08,0.07,0,14.699,0.032,14.3,0.049,14.317,0.084,,2451207.5491
"ABC",20218190,"05565733-6607320 ",89.238895,-66.125565,0.26,0.19,83,16.004,0.1,15.451,0.13,15.307,0.186,,2451111.8583
"ABB",20065311,"06001148-6610373 ",90.047849,-66.177032,0.09,0.07,100,15.113,0.061,14.834,0.112,14.778,0.121,,2451112.7887
"AAA",17977933,"05443487-6655066 ",86.145331,-66.918503,0.12,0.06,1,14.588,0.037,14.286,0.061,14.186,0.089,,2450893.55
"AAA",20645646,"05163173-6559057 ",79.132247,-65.984924,0.09,0.08,84,14.877,0.046,14.706,0.084,14.554,0.104,,2451167.744
"AAB",20730143,"07263274-6557321 ",111.636421,-65.958939,0.08,0.07,90,15.657,0.072,15.06,0.098,14.97,0.135,,2451529.7346
"AAA",21588507,"05105397-6541274 ",77.724894,-65.690964,0.08,0.07,97,14.687,0.037,14.464,0.067,14.467,0.094,,2451207.5589
"AAA",20212825,"05250639-6607384 ",81.27663,-66.127342,0.11,0.07,1,14.718,0.035,14.369,0.055,14.234,0.089,,2451583.5982
"AAA",19914546,"05151367-6613415 ",78.806973,-66.228203,0.07,0.07,45,14.057,0.027,13.802,0.041,13.701,0.062,,2451112.7509
"AAA",17773439,"05060596-6659438 ",76.52484,-66.995514,0.08,0.07,7,14.961,0.043,14.628,0.067,14.552,0.105,,2451111.8215
"AAA",18494786,"05030342-6643394 ",75.764252,-66.727631,0.06,0.06,163,14.444,0.047,14.115,0.058,14.023,0.068,,2451111.812
"AAB",17965327,"05441049-6655236 ",86.043716,-66.923233,0.17,0.09,0,14.75,0.036,14.492,0.053,14.618,0.129,,2450893.5422
"AAA",20766848,"05180538-6556519 ",79.522446,-65.947769,0.1,0.07,1,14.599,0.038,14.453,0.066,14.288,0.089,,2451167.7532
"AAA",38159570,"08163008-6136538 ",124.125356,-61.614964,0.06,0.06,90,13.887,0.027,13.361,0.032,13.22,0.037,,2451545.7347
"AAA",17719620,"05450941-6700568 ",86.289233,-67.0158,0.12,0.06,0,14.204,0.032,13.891,0.037,13.841,0.067,,2450893.5499
"AAB",18519133,"05035357-6643074 ",75.97321,-66.718742,0.07,0.07,35,15.211,0.058,14.797,0.083,14.636,0.104,,2451111.812
"ABB",18686909,"05303565-6639290 ",82.648569,-66.658058,0.09,0.08,3,15.643,0.084,15.274,0.118,14.939,0.142,,2451602.5487
"AAA",18901168,"05071859-6634526 ",76.827495,-66.581284,0.06,0.06,17,14.539,0.039,14.133,0.047,13.95,0.058,,2451111.8232
"AAA",22275856,"05135788-6528394 ",78.491204,-65.477638,0.08,0.07,11,14.577,0.042,14.159,0.054,14.253,0.088,,2451157.5775
"AAA",19257873,"05235068-6627186 ",80.961203,-66.455193,0.08,0.06,3,14.005,0.026,13.729,0.032,13.61,0.048,,2451583.5972
"AAA",17847634,"05473927-6658029 ",86.913665,-66.967476,0.14,0.07,0,13.238,0.026,12.89,0.028,12.799,0.029,,2450893.5597
"AAA",20275910,"05014349-6606226 ",75.431229,-66.106293,0.09,0.08,86,14.697,0.042,14.322,0.054,14.161,0.072,,2451111.8034
"ABU",23227063,"05160232-6511311 ",79.009672,-65.191994,0.09,0.08,3,15.684,0.067,15.363,0.112,14.843,,,2451592.5779
"AAA",20132725,"06043304-6609153 ",91.137699,-66.154251,0.07,0.06,0,13.607,0.026,13.297,0.035,13.326,0.04,,2451112.815
"AAC",21376702,"04374916-6545295 ",69.454837,-65.758217,0.09,0.08,0,15.457,0.055,15.21,0.095,15.196,0.164,,2451114.86
"ABD",18522977,"04445069-6643024 ",71.21124,-66.717354,0.1,0.09,10,15.589,0.069,15.323,0.119,15.234,0.181,,2450904.5008
"AAA",20555764,"05244835-6600481 ",81.201465,-66.013367,0.11,0.07,1,14.45,0.04,14.164,0.039,14.262,0.091,,2451583.5981
"AAA",20030171,"05165038-6611199 ",79.209925,-66.188881,0.07,0.07,45,14.254,0.029,14.006,0.047,13.886,0.065,,2451167.7441
"DDD",23042650,"05052395-6514478 ",76.349794,-65.246635,0.36,0.33,103,16.931,0.215,16.282,0.284,15.639,0.252,,2451207.5301
"AAA",26043596,"04483923-6423421 ",72.163469,-64.395035,0.06,0.06,17,14.273,0.033,13.742,0.036,13.703,0.05,,2451115.7339
"AAC",18786686,"04555890-6637198 ",73.995439,-66.622169,0.09,0.08,169,15.566,0.066,14.951,0.081,15.055,0.15,,2451111.775
"AAA",18515052,"05324237-6643129 ",83.176551,-66.720253,0.07,0.06,90,14.781,0.044,14.387,0.067,14.245,0.083,,2451580.5777
"AAA",25038251,"04114551-6440190 ",62.939648,-64.671959,0.08,0.06,0,12.861,0.024,12.55,0.023,12.498,0.027,,2451114.6952
"AAA",18062984,"05451057-6653121 ",86.29407,-66.886719,0.12,0.06,1,14.203,0.028,13.879,0.035,13.807,0.063,,2450893.55
"AAA",19477987,"04591303-6622424 ",74.804317,-66.378456,0.08,0.07,11,15.128,0.055,14.736,0.078,14.647,0.094,,2451111.786
"AAA",19308413,"05113520-6626148 ",77.896701,-66.437454,0.1,0.07,1,14.509,0.032,14.202,0.052,14.227,0.081,,2451112.7325
"AAC",39129059,"07520367-6124591 ",118.01533,-61.416428,0.08,0.08,73,15.54,0.068,15.148,0.099,15.177,0.175,,2451953.7743
"ACU",24964197,"08003154-6441339 ",120.131428,-64.692757,0.1,0.09,14,15.839,0.087,15.55,0.157,15.25,,,2451545.6439
"AAA",18623104,"05450836-6640517 ",86.284865,-66.681038,0.11,0.06,0,14.532,0.037,14.249,0.047,14.208,0.087,,2450893.5502
"AAA",19326896,"05243901-6625517 ",81.162563,-66.431046,0.08,0.07,0,13.3,0.027,12.964,0.03,12.832,0.027,,2451583.5984
"AAA",19350452,"05001891-6625228 ",75.078797,-66.423019,0.08,0.07,11,14.854,0.047,14.42,0.059,14.515,0.099,,2451111.786
"AAA",20014755,"05115723-6611388 ",77.988488,-66.19413,0.13,0.07,0,14.49,0.04,14.222,0.07,14.099,0.063,,2451112.7323
"BUU",19878289,"04432411-6614257 ",70.850483,-66.240494,0.23,0.2,4,16.385,0.144,15.481,,15.353,,,2450904.4923
"AAC",21814828,"05050289-6537118 ",76.262064,-65.619949,0.09,0.08,4,14.953,0.046,14.607,0.073,15.024,0.161,,2451207.5298
"AAC",25157939,"07284939-6438182 ",112.205814,-64.638412,0.08,0.08,45,15.456,0.05,15.359,0.077,15.325,0.154,,2451531.7767
"AAA",19130529,"04563120-6629593 ",74.130013,-66.499809,0.08,0.07,4,14.297,0.035,13.885,0.053,13.809,0.057,,2451111.7751
"AAA",17473233,"05243754-6706347 ",81.156435,-67.109657,0.07,0.06,0,13.637,0.03,13.395,0.024,13.236,0.034,,2451583.5989
"AAB",18734609,"05291901-6638271 ",82.329227,-66.640869,0.08,0.07,0,14.767,0.041,14.442,0.052,14.725,0.12,,2451625.525
"AAA",18447438,"05325749-6644414 ",83.239563,-66.744835,0.08,0.07,90,14.986,0.045,14.774,0.055,14.628,0.105,,2451580.5777
"BUU",19059552,"05264653-6631294 ",81.69388,-66.524849,0.13,0.13,106,16.17,0.114,16.254,,16.055,,,2451583.6082
"AAA",19245028,"04570000-6627349 ",74.250023,-66.459717,0.08,0.06,2,14.379,0.028,14.142,0.05,13.961,0.065,,2451111.7764
"AAA",23061967,"05095432-6514269 ",77.476355,-65.240814,0.06,0.06,90,13.129,0.023,12.867,0.024,12.818,0.034,,2451207.5577
"AAA",19995539,"05123096-6612022 ",78.129029,-66.200623,0.08,0.07,90,14.315,0.033,13.973,0.034,13.918,0.053,,2451490.7862
"AAA",20150387,"04581691-6608542 ",74.570499,-66.148392,0.08,0.07,2,14.198,0.033,13.819,0.039,13.864,0.063,,2451111.7851
"AAA",30512543,"04414076-6316336 ",70.419862,-63.276005,0.08,0.07,0,14.772,0.035,14.681,0.063,14.732,0.104,,2451115.6986
"AAA",17898366,"05460561-6656540 ",86.523414,-66.948357,0.07,0.07,58,14.954,0.043,14.549,0.059,14.297,0.087,,2450893.5519
"AAA",18441114,"05220956-6644498 ",80.539874,-66.747185,0.1,0.07,1,14.723,0.042,14.413,0.062,14.477,0.094,,2451167.772
"AAA",40844923,"04035154-6104067 ",60.964784,-61.068546,0.08,0.06,3,13.544,0.029,13.342,0.03,13.313,0.043,,2451114.6513
"AAA",18959520,"06210117-6633377 ",95.254898,-66.560493,0.07,0.06,90,13.297,0.025,12.486,0.027,12.265,0.025,,2451155.7525
"ADU",19814365,"05055406-6615440 ",76.475258,-66.26223,0.26,0.22,0,16.036,0.106,15.974,0.211,16.146,,,2451111.822
"AAA",17821197,"06074571-6658388 ",91.94048,-66.97747,0.06,0.06,90,10.705,0.023,10.535,0.022,10.494,0.021,,2451112.8261
"AAA",18512913,"06225448-6643157 ",95.727008,-66.721031,0.06,0.06,45,13.418,0.028,12.593,0.03,12.398,0.029,,2451155.7624
"AAA",21185889,"05151399-6549080 ",78.808313,-65.818893,0.07,0.06,0,12.774,0.024,12.351,0.022,12.222,0.024,,2451592.5784
"AAA",18066766,"05502629-6653071 ",87.609573,-66.885307,0.15,0.06,0,14.287,0.035,14.031,0.046,14.172,0.083,,2450893.5694
"AAA",18688764,"05362911-6639265 ",84.12131,-66.657372,0.08,0.07,7,14.357,0.04,14.117,0.051,14.012,0.058,,2451580.589
"BUU",18770634,"06060950-6637406 ",91.539605,-66.62796,0.18,0.16,82,16.636,0.129,16.374,,15.316,,,2451112.8244
"AAB",18434871,"05461732-6644581 ",86.572167,-66.749489,0.09,0.08,4,14.908,0.046,14.786,0.071,14.775,0.134,,2450893.5518
"AAA",20158856,"04534365-6608439 ",73.431906,-66.145531,0.07,0.07,8,14.572,0.033,14.226,0.044,14.255,0.076,,2451111.7657
"AAA",17979592,"05084838-6655044 ",77.201597,-66.9179,0.06,0.06,17,12.714,0.024,12.44,0.028,12.296,0.029,,2451112.7232
"AAB",21993475,"05134929-6533517 ",78.455384,-65.564369,0.08,0.07,0,14.713,0.044,14.359,0.057,14.387,0.113,,2451157.5775
"BCC",18706948,"05132547-6639028 ",78.356155,-66.650787,0.2,0.16,92,16.422,0.126,15.659,0.156,15.295,0.145,,2451490.7865
"AAC",20886817,"05205693-6554401 ",80.237223,-65.911148,0.09,0.09,82,15.179,0.053,15.01,0.094,15.048,0.168,,2451167.7634
"AAB",19416577,"05072500-6623599 ",76.854198,-66.399986,0.08,0.07,11,14.838,0.05,14.578,0.068,14.731,0.117,,2451111.8231
"ABC",61607246,"03230952-5655318 ",50.789676,-56.925507,0.09,0.08,87,15.338,0.059,15.452,0.11,15.439,0.185,,2451484.6245
"AAA",18237649,"05432950-6649198 ",85.872933,-66.822182,0.17,0.08,0,14.305,0.029,13.905,0.035,13.844,0.061,,2450893.5421
"AAA",23080266,"05213959-6514073 ",80.41496,-65.235374,0.08,0.07,11,14.925,0.049,14.587,0.074,14.442,0.103,,2451157.6236
"ABD",20085010,"04425720-6610132 ",70.738342,-66.170334,0.13,0.09,1,15.529,0.067,15.433,0.134,15.157,0.244,,2450904.4922
"AAA",19081059,"05294060-6631017 ",82.419187,-66.517159,0.07,0.06,7,14.439,0.03,14.121,0.049,14.106,0.088,,2451625.5249
"BCU",19770378,"06341312-6616382 ",98.554674,-66.27729,0.22,0.21,170,16.778,0.153,16.051,0.192,15.352,,,2451155.8174
"AAA",20503811,"05044414-6601498 ",76.183941,-66.030525,0.08,0.07,2,14.312,0.037,13.995,0.052,13.888,0.058,,2451111.8131
"AAA",19419676,"05265313-6623560 ",81.721386,-66.398895,0.08,0.08,0,15.091,0.044,14.605,0.068,14.555,0.097,,2451583.6081
"AAA",23120585,"05155886-6513241 ",78.995265,-65.223373,0.07,0.06,90,14.867,0.041,14.653,0.04,14.42,0.089,,2451592.5779
"ADD",20965020,"05141646-6553146 ",78.568608,-65.887405,0.34,0.33,58,16.092,0.099,15.857,0.208,15.571,0.238,,2451112.7418
"ACU",17716424,"04545117-6701012 ",73.713221,-67.017006,0.17,0.17,135,16.031,0.095,15.641,0.154,15.035,,,2451111.7671
"AAA",17825580,"04493400-6658329 ",72.391677,-66.975807,0.23,0.06,0,13.822,0.029,13.428,0.032,13.391,0.042,,2450904.52
"ABC",18874678,"05241697-6635266 ",81.07072,-66.590744,0.23,0.2,180,16.006,0.107,15.579,0.128,15.29,0.19,,2451583.5985
"AAA",19822657,"05010251-6615338 ",75.260471,-66.259415,0.08,0.08,82,14.92,0.049,14.527,0.068,14.473,0.101,,2451111.8026
"AAB",19823567,"05215859-6615328 ",80.494134,-66.259117,0.09,0.08,2,14.931,0.062,14.425,0.086,14.459,0.117,,2451167.7724
"ACU",18846543,"05142315-6636024 ",78.596476,-66.600685,0.13,0.11,6,15.801,0.08,15.796,0.196,15.218,,,2451112.7423
"AAA",19280816,"04515833-6626496 ",72.993071,-66.447128,0.2,0.12,0,14.641,0.04,14.388,0.062,14.324,0.082,,2451111.7557
"AAA",20118239,"05261285-6609327 ",81.553555,-66.159103,0.09,0.08,2,15.241,0.054,14.901,0.07,14.654,0.102,,2451583.6071
"AAA",18415583,"05275029-6645235 ",81.959547,-66.756538,0.07,0.07,45,15.047,0.045,14.808,0.053,14.625,0.105,,2451586.5514
"ABC",19605632,"06142576-6620025 ",93.607341,-66.33403,0.12,0.11,73,15.962,0.081,15.627,0.136,15.236,0.161,,2451112.8625
"AAC",18753465,"05493236-6638026 ",87.384846,-66.634064,0.15,0.08,1,15.371,0.053,15.171,0.104,14.957,0.163,,2450893.5696
"ABC",23934532,"05142714-6459064 ",78.613111,-64.985138,0.08,0.08,17,15.768,0.086,15.387,0.11,15.35,0.206,,2451592.5699
"AAB",20450298,"05184942-6602535 ",79.705935,-66.04821,0.09,0.08,0,14.84,0.038,14.608,0.071,14.598,0.116,,2451167.7538
"ACU",27661961,"04285863-6358129 ",67.244314,-63.970264,0.18,0.16,98,16.342,0.08,15.979,0.162,15.233,,,2451114.8058
"AAA",19145520,"05110384-6629401 ",77.766006,-66.494484,0.1,0.07,0,14.449,0.038,14.175,0.052,14.271,0.09,,2451112.7326
"BDU",17798095,"05214602-6659101 ",80.441771,-66.986145,0.24,0.23,152,16.289,0.119,15.903,0.212,16.189,,,2451167.7641
"AAB",24650160,"05102174-6446517 ",77.590603,-64.781029,0.07,0.07,90,15.274,0.052,15.004,0.101,14.611,0.111,,2451207.5595
"AAC",23048802,"04585507-6514413 ",74.729481,-65.244812,0.08,0.08,163,15.379,0.048,15.087,0.082,15.276,0.183,,2451115.7991
"AAB",19773641,"05012688-6616342 ",75.362016,-66.276184,0.08,0.08,82,15.331,0.063,15.065,0.089,14.89,0.131,,2451111.8026
"AAA",17899296,"05334707-6656528 ",83.446146,-66.948006,0.06,0.06,163,14.751,0.04,14.479,0.059,14.478,0.09,,2451580.5795
"ABU",18931876,"05071859-6634129 ",76.827464,-66.570259,0.18,0.17,174,15.965,0.092,15.596,0.154,15.685,,,2451111.8232
"AAA",16848620,"06424924-6721207 ",100.705201,-67.355766,0.08,0.07,0,14.983,0.045,14.608,0.061,14.616,0.098,,2451156.6298
"AAA",19639185,"04482272-6619208 ",72.094681,-66.322464,0.08,0.07,11,14.515,0.036,14.32,0.046,14.284,0.091,,2450904.5118
"AAA",19937227,"05061659-6613135 ",76.569154,-66.220428,0.1,0.06,1,14.166,0.032,13.969,0.047,13.986,0.063,,2451111.8221
"BUU",19760922,"05291903-6616499 ",82.329328,-66.280533,0.16,0.15,175,16.237,0.137,15.074,,14.75,,,2451625.5248
"AAA",19224280,"05133307-6628010 ",78.387799,-66.466972,0.1,0.06,1,14.733,0.041,14.533,0.073,14.379,0.092,,2451112.7423
"AAA",20934571,"05085707-6553478 ",77.237818,-65.896622,0.08,0.08,103,14.528,0.039,14.354,0.079,14.352,0.09,,2451207.549
"AAA",18283565,"05023158-6648188 ",75.631602,-66.805237,0.07,0.07,90,14.872,0.04,14.532,0.058,14.559,0.101,,2451111.804
"AAB",20412039,"05142093-6603395 ",78.58723,-66.060982,0.13,0.07,0,14.904,0.036,14.648,0.061,14.757,0.113,,2451112.742
"AAA",30597086,"04365927-6315227 ",69.246966,-63.256317,0.06,0.06,17,14.771,0.042,14.428,0.055,14.369,0.088,,2451114.8528
"AAA",22103726,"05084885-6531495 ",77.203544,-65.530418,0.07,0.07,90,14.179,0.026,13.875,0.035,13.825,0.051,,2451207.5493
"AAA",19711005,"05324520-6617519 ",83.18836,-66.297752,0.07,0.07,45,14.098,0.03,13.922,0.033,13.817,0.06,,2451580.5781
"AAA",18100486,"05302564-6652224 ",82.606864,-66.872894,0.07,0.06,5,14.743,0.057,14.481,0.068,14.304,0.084,,2451602.5488
"AAB",18082173,"05433169-6652466 ",85.882059,-66.879631,0.17,0.09,0,14.862,0.041,14.53,0.059,14.668,0.114,,2450893.5421
"AAA",20585986,"05045538-6600123 ",76.230784,-66.003433,0.08,0.07,2,14.387,0.033,14.196,0.052,14.219,0.077,,2451111.8131
"BUU",18502074,"07313498-6643299 ",112.895758,-66.724983,0.16,0.16,135,16.661,0.143,16.259,,17.009,,,2451529.7611
"AAA",19357883,"05171472-6625133 ",79.311372,-66.420387,0.08,0.06,3,13.884,0.029,13.636,0.032,13.481,0.051,,2451167.7529
"AAA",18013914,"04563209-6654184 ",74.13371,-66.905113,0.06,0.06,45,14.329,0.037,14.03,0.044,13.955,0.072,,2451111.7748
"AAA",18916257,"05105339-6634330 ",77.722494,-66.575844,0.08,0.06,2,14.433,0.032,14.182,0.049,13.975,0.063,,2451112.7312
"ACU",19484651,"05561338-6622339 ",89.055779,-66.376106,0.12,0.12,84,15.769,0.078,15.791,0.155,15.181,,,2451111.8495
"AAA",20208479,"05042679-6607436 ",76.111664,-66.128784,0.09,0.08,176,14.775,0.038,14.589,0.077,14.621,0.102,,2451111.8132
"ABB",17851034,"05072931-6657582 ",76.87213,-66.966171,0.2,0.07,0,15.339,0.067,14.919,0.111,14.908,0.149,,2451112.7212
"AAB",22944520,"05103590-6516328 ",77.649617,-65.275787,0.08,0.08,90,15.225,0.051,14.897,0.085,15.026,0.144,,2451207.5592
"BUU",24257852,"08312652-6453325 ",127.860511,-64.892372,0.18,0.17,21,16.664,0.145,16.591,,16.682,,,2451545.8372
"AAB",20975968,"05325248-6553027 ",83.218686,-65.884102,0.09,0.08,90,14.915,0.044,14.609,0.058,14.622,0.13,,2451157.6901
"AAA",19807508,"05252607-6615525 ",81.358665,-66.264595,0.08,0.07,0,14.019,0.033,13.693,0.031,13.63,0.047,,2451583.607
"AAA",18812072,"05135947-6636472 ",78.497819,-66.613136,0.08,0.06,2,13.901,0.028,13.646,0.034,13.543,0.05,,2451112.7424
"AAA",21025796,"05074079-6552085 ",76.919976,-65.869049,0.07,0.06,7,14.488,0.036,14.174,0.044,14.117,0.069,,2451207.5485
"AAA",22333982,"05134574-6527359 ",78.440586,-65.459991,0.07,0.06,7,14.322,0.071,13.891,0.08,13.696,0.094,,2451157.5775
"AAA",22527899,"04551083-6524031 ",73.79516,-65.400887,0.07,0.06,11,14.185,0.032,13.79,0.037,13.806,0.058,,2451115.7727
"AAA",22070319,"05325929-6532265 ",83.247076,-65.540703,0.07,0.06,90,14.553,0.036,14.199,0.044,14.284,0.091,,2451157.6898
"AAA",20092191,"05160304-6610044 ",79.012696,-66.167915,0.07,0.07,45,14.626,0.035,14.094,0.049,13.995,0.068,,2451167.7441
"ACU",23198583,"05000122-6512014 ",75.005105,-65.200401,0.21,0.2,78,16.39,0.096,16.173,0.197,16.152,,,2451115.8074
"AAA",19535333,"05172125-6621305 ",79.338549,-66.358475,0.08,0.06,3,13.901,0.035,13.721,0.04,13.731,0.056,,2451167.7529
"AAA",20255708,"05124650-6606470 ",78.193787,-66.113068,0.08,0.07,88,14.56,0.028,14.361,0.042,14.338,0.07,,2451490.7861
"AAB",20067367,"05355794-6610348 ",83.991446,-66.176338,0.1,0.08,2,15.039,0.055,14.747,0.082,14.579,0.11,,2451580.5879
"AAA",22239603,"05022306-6529192 ",75.59612,-65.488693,0.07,0.06,79,14.639,0.036,13.827,0.035,13.659,0.051,,2451115.8173
"BCU",24936402,"04073882-6442020 ",61.911752,-64.700577,0.18,0.18,90,16.695,0.136,16.055,0.174,15.16,,,2451114.6757
"AAA",20561570,"05462885-6600412 ",86.620222,-66.011452,0.07,0.06,83,13.534,0.038,13.194,0.048,13.108,0.044,,2450893.5512
"AAA",20900209,"05234568-6554253 ",80.940336,-65.907051,0.13,0.08,0,14.515,0.036,14.231,0.051,14.237,0.075,,2451583.5976
"AAB",22265095,"05325367-6528511 ",83.223644,-65.480888,0.08,0.07,90,14.752,0.035,14.498,0.07,14.477,0.109,,2451157.6898
"AAA",22828445,"05240658-6518371 ",81.027442,-65.31031,0.06,0.06,135,14.554,0.034,14.255,0.05,14.278,0.084,,2451157.6347
"AAA",18866202,"05380433-6635374 ",84.518072,-66.593742,0.08,0.07,6,14.121,0.029,13.848,0.04,13.698,0.057,,2451580.5973
"ABB",20095370,"05355145-6610006 ",83.964376,-66.16684,0.11,0.09,2,15.232,0.059,15.243,0.114,14.911,0.152,,2451580.5879
"AAA",18218235,"05500107-6649457 ",87.504494,-66.829376,0.14,0.07,0,14.377,0.033,14.124,0.047,13.896,0.066,,2450893.5695
"AAB",20761290,"05133732-6556580 ",78.405529,-65.949463,0.09,0.08,4,14.892,0.043,14.55,0.091,14.746,0.146,,2451157.5778
"AAA",34761271,"07570878-6219280 ",119.286596,-62.324463,0.07,0.06,0,13.404,0.024,12.747,0.022,12.545,0.027,,2451551.61
"AAB",25374005,"06572433-6434417 ",104.35138,-64.57827,0.07,0.07,90,14.987,0.04,14.792,0.081,14.711,0.119,,2451160.767
"AAA",23220399,"04033777-6511384 ",60.907382,-65.194016,0.07,0.06,0,14.012,0.032,13.685,0.022,13.679,0.049,,2451114.6483
"AAA",22484848,"05281439-6524501 ",82.059968,-65.41394,0.08,0.06,3,14.69,0.036,14.349,0.047,14.304,0.089,,2451157.6618
"AAA",18730156,"05313225-6638328 ",82.884406,-66.642448,0.07,0.06,4,14.558,0.04,14.229,0.057,14.122,0.071,,2451630.5366
"AAA",20275308,"05255384-6606233 ",81.474372,-66.106483,0.08,0.07,2,14.481,0.036,14.242,0.048,14.113,0.069,,2451583.6072
"AAA",17468305,"06093850-6706415 ",92.410444,-67.111549,0.06,0.06,90,12.888,0.023,12.595,0.026,12.54,0.029,,2451112.8436
"AAB",19588002,"05413668-6620246 ",85.402857,-66.340187,0.11,0.08,93,15.005,0.041,14.577,0.063,14.64,0.133,,2450891.5733
"AAB",22334685,"05205953-6527351 ",80.248068,-65.45977,0.08,0.07,7,14.832,0.043,14.469,0.07,14.555,0.12,,2451157.6238
"AAA",20353155,"05213243-6604499 ",80.385132,-66.080528,0.07,0.07,45,14.276,0.032,14.029,0.05,13.873,0.057,,2451167.7635
"AAA",20707142,"05055539-6557576 ",76.480807,-65.966026,0.13,0.06,0,13.995,0.032,13.677,0.034,13.612,0.039,,2451111.8223
"AAA",19406188,"04522915-6624131 ",73.121492,-66.403656,0.11,0.09,0,14.691,0.043,14.344,0.054,14.327,0.089,,2451111.7569
"ABD",20368778,"05130151-6604313 ",78.256322,-66.075363,0.28,0.23,3,16.236,0.105,15.595,0.12,15.586,0.221,,2451490.7861
"AAA",19919420,"04530524-6613355 ",73.271842,-66.226532,0.12,0.08,1,14.558,0.041,14.172,0.05,14.182,0.067,,2451111.7568
"AAA",19196505,"05230160-6628358 ",80.756692,-66.476631,0.08,0.06,2,14.25,0.037,13.885,0.041,13.819,0.062,,2451167.7722
"AAA",20214583,"04544999-6607364 ",73.708311,-66.126778,0.13,0.11,0,13.616,0.028,13.117,0.029,12.979,0.033,,2451111.7664
"AAA",18771952,"05165463-6637389 ",79.22766,-66.627495,0.08,0.07,5,14.765,0.047,14.392,0.059,14.407,0.102,,2451167.7445
"AAA",22758039,"05204551-6519529 ",80.189641,-65.331383,0.06,0.06,17,14.689,0.039,14.246,0.057,14.292,0.079,,2451592.5987
"AAA",20110322,"05224397-6609423 ",80.683227,-66.161774,0.08,0.07,0,14.494,0.033,14.165,0.051,14.165,0.068,,2451167.7725
"CDD",17685214,"05163566-6701430 ",79.148593,-67.028618,0.44,0.39,51,16.747,0.192,15.915,0.222,15.807,0.322,,2451167.7448
"AAA",20381847,"05155192-6604157 ",78.966334,-66.071045,0.08,0.08,45,14.645,0.046,14.364,0.059,14.314,0.089,,2451167.7441
"ABD",19996835,"04552460-6612007 ",73.852522,-66.200195,0.14,0.12,1,15.461,0.069,15.247,0.117,15.378,0.221,,2451111.7665
"AAA",19279970,"05154788-6626508 ",78.949529,-66.447449,0.07,0.07,8,14.173,0.026,13.889,0.046,13.878,0.059,,2451112.7507
"ACU",17755308,"05283619-6700085 ",82.150803,-67.00238,0.16,0.15,173,16.109,0.101,15.779,0.141,15.539,,,2451586.5515
"AAB",24451844,"05103995-6450136 ",77.666478,-64.837128,0.07,0.07,45,14.837,0.036,14.483,0.066,14.623,0.109,,2451207.5595
"AAA",22873546,"05183213-6517483 ",79.6339,-65.296768,0.08,0.07,4,14.871,0.047,14.578,0.066,14.542,0.106,,2451592.589
"AAB",19535347,"04521337-6621305 ",73.055725,-66.358475,0.12,0.09,1,14.74,0.049,14.557,0.059,14.607,0.11,,2451111.7569
"AAA",22470649,"04345567-6525056 ",68.731971,-65.418228,0.06,0.06,90,14.19,0.03,13.924,0.031,13.869,0.047,,2451114.8415
"AAA",21896255,"05175001-6535405 ",79.458387,-65.594597,0.08,0.08,17,14.568,0.036,14.361,0.043,14.349,0.081,,2451592.5879
"AAA",19616626,"05044558-6619488 ",76.189924,-66.330246,0.08,0.07,0,14.747,0.037,14.597,0.071,14.492,0.094,,2451111.8133
"AAA",20450499,"05122263-6602533 ",78.094333,-66.048141,0.08,0.07,90,14.287,0.029,13.913,0.039,13.802,0.047,,2451490.7861
"AAA",17759007,"05152591-6700035 ",78.857989,-67.000984,0.06,0.06,0,14.697,0.035,13.806,0.042,13.543,0.052,,2451112.7503
"AAA",17586410,"05281561-6703583 ",82.065075,-67.066208,0.07,0.06,0,13.116,0.024,12.825,0.028,12.715,0.026,,2451586.5516
"BCU",18734961,"05123364-6638266 ",78.140208,-66.640739,0.22,0.21,168,16.271,0.12,16.046,0.208,16.223,,,2451490.7865
"AAC",16840117,"07114083-6721330 ",107.920143,-67.359169,0.09,0.08,7,15.828,0.08,15.443,0.101,15.511,0.209,,2451529.6675
"UAU",18709902,"07390466-6638590 ",114.769436,-66.649727,0.12,0.11,139,13.551,,13.401,0.067,13.359,,,2451529.7997
"AAA",19611358,"05164889-6619555 ",79.203709,-66.332085,0.07,0.07,8,14.214,0.026,13.879,0.041,13.828,0.057,,2451167.7443
"ACU",18686168,"05113385-6639299 ",77.891082,-66.65831,0.14,0.13,5,15.989,0.103,15.774,0.194,14.404,,,2451112.7327
"AAA",17852388,"05460919-6657564 ",86.538314,-66.965668,0.08,0.07,5,14.719,0.047,14.499,0.061,14.341,0.101,,2450893.5519
"AAA",21561440,"05160558-6541585 ",79.023254,-65.699593,0.08,0.07,11,14.859,0.039,14.552,0.055,14.453,0.1,,2451592.5783
"BCU",17903582,"05481271-6656466 ",87.052977,-66.946304,0.26,0.24,79,16.61,0.151,16.031,0.187,16.812,,,2450893.5616
"AAA",18483539,"04500049-6643541 ",72.502062,-66.731697,0.06,0.06,90,12.892,0.026,12.403,0.022,12.217,0.023,,2450904.5218
"AAA",31085237,"04221143-6308329 ",65.547651,-63.142498,0.06,0.06,90,14.631,0.03,14.443,0.043,14.5,0.087,,2451114.7652
"AAA",18450287,"05332377-6644375 ",83.34906,-66.743774,0.07,0.06,90,14.251,0.034,13.92,0.049,13.799,0.049,,2451580.5777
"AAC",20647899,"05004553-6559031 ",75.189715,-65.984215,0.1,0.09,87,15.724,0.067,15.022,0.083,15.089,0.152,,2451111.8028
"AAA",19167349,"05074893-6629128 ",76.953888,-66.486916,0.19,0.08,0,14.583,0.038,14.319,0.06,14.336,0.09,,2451112.7216
"AAA",26026001,"04360030-6423594 ",69.001253,-64.399857,0.06,0.06,0,14.578,0.03,14.235,0.042,14.157,0.065,,2451114.8493
"AAA",18734445,"05232799-6638273 ",80.866632,-66.64093,0.06,0.06,45,14.04,0.033,13.742,0.038,13.628,0.05,,2451583.5971
"AAA",17559716,"05430335-6704352 ",85.763975,-67.076447,0.17,0.06,0,14.382,0.029,14.118,0.055,14.124,0.075,,2450893.5402
"AAA",21480341,"05280493-6543307 ",82.020555,-65.725204,0.09,0.07,2,14.686,0.041,14.288,0.051,14.323,0.093,,2451157.6616
"AAA",18086007,"05304224-6652415 ",82.676016,-66.878212,0.08,0.07,5,14.819,0.055,14.442,0.085,14.385,0.091,,2451602.5488
"AAA",19598790,"05025606-6620110 ",75.733619,-66.336403,0.08,0.06,88,14.783,0.038,14.592,0.062,14.427,0.093,,2451111.8123
"AAA",22825432,"05083616-6518403 ",77.150669,-65.311203,0.06,0.06,73,13.776,0.027,13.471,0.031,13.434,0.048,,2451207.5494
"ABU",20642739,"05063750-6559088 ",76.656276,-65.985802,0.1,0.09,8,15.639,0.074,15.437,0.128,15.497,,,2451111.8228
"AAA",19645269,"05070533-6619134 ",76.772242,-66.320389,0.08,0.07,0,14.812,0.044,14.639,0.079,14.587,0.1,,2451111.823
"AAU",21473477,"05001522-6543387 ",75.063429,-65.727425,0.08,0.08,135,14.531,0.041,14.362,0.06,14.28,,,2451115.8077
"AAB",20084282,"05115082-6610141 ",77.961781,-66.170593,0.15,0.08,0,14.838,0.047,14.525,0.064,14.469,0.111,,2451112.7323
"ABU",23349170,"04460813-6509205 ",71.533916,-65.155701,0.17,0.15,179,16.085,0.091,15.66,0.131,15.22,,,2451115.7248
"AAA",21680268,"05161755-6539434 ",79.07313,-65.662064,0.07,0.07,83,14.746,0.042,14.545,0.067,14.346,0.092,,2451592.5791
"AAB",18569706,"05492775-6642016 ",87.365659,-66.700447,0.14,0.07,1,14.783,0.04,14.636,0.06,14.767,0.149,,2450893.5696
"AAC",22154851,"05134003-6530531 ",78.416801,-65.514771,0.08,0.07,169,14.771,0.047,14.519,0.073,14.618,0.158,,2451157.5775
"AAC",19982492,"05501337-6612180 ",87.555717,-66.205017,0.13,0.08,0,15.463,0.066,15.045,0.09,15.106,0.18,,2450893.5699
"AAA",20324777,"05205129-6605241 ",80.213737,-66.090034,0.07,0.07,45,13.31,0.023,12.942,0.031,12.94,0.034,,2451167.7635
"AAA",18885313,"05163451-6635130 ",79.143818,-66.586945,0.07,0.06,5,13.248,0.028,12.665,0.033,12.503,0.033,,2451167.7444
"BCU",18112241,"05113549-6652066 ",77.897898,-66.8685,0.18,0.16,173,16.256,0.112,15.551,0.144,15.33,,,2451112.7328
"AAA",21323937,"05060168-6546296 ",76.507038,-65.774902,0.08,0.07,5,14.836,0.04,14.552,0.071,14.468,0.095,,2451207.5387
"ABC",21057161,"05180237-6551345 ",79.509898,-65.859604,0.11,0.1,178,15.415,0.059,15.474,0.122,15.22,0.169,,2451592.5881
"AAA",18657102,"05070988-6640076 ",76.791192,-66.668793,0.07,0.06,84,14.576,0.064,14.24,0.079,14.147,0.092,,2451111.8233
"AAA",18517994,"05063760-6643089 ",76.6567,-66.719147,0.07,0.07,163,15.053,0.05,14.79,0.082,14.608,0.104,,2451111.8233
"ACU",22394450,"05141914-6526293 ",78.579781,-65.441475,0.11,0.11,35,15.789,0.08,15.694,0.165,14.994,,,2451592.5695
"AAB",20534418,"05073884-6601134 ",76.911869,-66.020393,0.2,0.11,0,14.851,0.048,14.489,0.064,14.696,0.138,,2451112.7219
"ABD",18317222,"05355494-6647339 ",83.978924,-66.792763,0.1,0.09,163,15.793,0.093,15.345,0.113,15.353,0.201,,2451580.5874
"AAA",18772466,"07073677-6637382 ",106.90322,-66.627304,0.07,0.06,0,14.101,0.026,13.77,0.027,13.858,0.056,,2451529.6409
"AAC",26846411,"04143350-6410537 ",63.639613,-64.181595,0.09,0.08,0,15.5,0.053,15.358,0.098,15.188,0.145,,2451114.7195
"AAA",19108648,"05214012-6630271 ",80.41717,-66.507545,0.07,0.06,5,14.377,0.069,14.027,0.057,13.954,0.068,,2451167.7638
"AAA",17653600,"05053423-6702262 ",76.392634,-67.040634,0.07,0.06,0,14.328,0.032,14.052,0.043,14.032,0.061,,2451111.8215
"AAA",18117334,"05054914-6652000 ",76.454784,-66.866669,0.08,0.06,3,14.861,0.033,14.675,0.059,14.462,0.096,,2451111.8216
"AAA",18689132,"05305099-6639261 ",82.712498,-66.657257,0.08,0.06,0,14.261,0.041,13.968,0.06,13.847,0.069,,2451602.5487
"AAA",19528254,"05044845-6621391 ",76.201902,-66.360886,0.08,0.07,5,14.638,0.041,14.321,0.052,14.38,0.08,,2451111.8133
"AAB",18718467,"05153457-6638481 ",78.894072,-66.646698,0.08,0.07,11,15.111,0.048,14.589,0.068,14.696,0.104,,2451112.7506
"ACD",18323588,"05323155-6647256 ",83.131469,-66.790451,0.27,0.25,24,15.938,0.092,15.546,0.139,15.354,0.207,,2451630.5365
"AAA",18162508,"05414325-6650599 ",85.430218,-66.849983,0.1,0.08,90,13.899,0.033,13.611,0.026,13.578,0.051,,2450891.5737
"AAA",20904756,"05295842-6554204 ",82.49342,-65.905685,0.1,0.06,1,13.372,0.026,13.035,0.035,12.977,0.039,,2451157.6712
"AAA",17612278,"05394518-6703230 ",84.938276,-67.056396,0.18,0.06,0,13.984,0.03,13.647,0.035,13.689,0.054,,2450891.5624
"AAB",19209591,"05090717-6628194 ",77.279877,-66.472061,0.09,0.07,0,14.83,0.061,14.474,0.083,14.595,0.122,,2451112.7228
"BCU",20312506,"05272131-6605387 ",81.838821,-66.094109,0.18,0.16,107,16.374,0.125,15.845,0.143,15.684,,,2451583.6079
"AAA",20357602,"05124741-6604446 ",78.197555,-66.079056,0.08,0.07,88,14.543,0.032,14.202,0.044,14.069,0.063,,2451490.7861
"AAA",19623215,"05431860-6619407 ",85.827511,-66.327988,0.16,0.09,0,13.898,0.03,13.555,0.036,13.471,0.049,,2450893.5417
"AAA",20370604,"05150603-6604291 ",78.775148,-66.07476,0.09,0.08,4,14.654,0.033,14.392,0.066,14.439,0.093,,2451112.751
"AAA",21935448,"08131842-6534563 ",123.326776,-65.582314,0.06,0.06,90,13.79,0.028,13.494,0.031,13.377,0.039,,2451545.7192
"ACB",18181066,"05025087-6650353 ",75.711965,-66.843155,0.11,0.11,17,15.601,0.078,15.585,0.146,14.982,0.14,,2451111.8119
"AAA",20617002,"06332968-6559374 ",98.37368,-65.993744,0.08,0.07,90,14.435,0.03,14.013,0.039,13.933,0.053,,2451155.8177
"AAA",23285403,"05225930-6510286 ",80.747103,-65.174637,0.08,0.07,0,14.949,0.044,14.56,0.062,14.533,0.104,,2451157.6333
"AAB",25141819,"07250348-6438344 ",111.264522,-64.642914,0.08,0.07,7,15.718,0.07,14.931,0.067,14.908,0.118,,2451531.7573
"AAA",20211930,"05153155-6607395 ",78.881475,-66.127647,0.09,0.07,3,14.613,0.053,14.313,0.059,14.454,0.102,,2451112.751
"AAC",27011167,"04495451-6408190 ",72.477147,-64.138634,0.09,0.08,7,15.495,0.058,15.141,0.1,15.256,0.164,,2451551.6637
"AAA",20317518,"05450157-6605327 ",86.256544,-66.092422,0.09,0.07,2,14.187,0.032,13.775,0.035,13.737,0.055,,2450893.5506
"AAA",21271360,"05262546-6547297 ",81.606102,-65.791595,0.13,0.07,1,14.803,0.039,14.459,0.053,14.263,0.091,,2451157.6441
"AAB",18385271,"04554957-6646035 ",73.956547,-66.767639,0.07,0.07,45,15.007,0.046,14.714,0.079,14.549,0.115,,2451111.7749
"AAA",18261328,"05280346-6648485 ",82.014423,-66.813477,0.06,0.06,17,14.339,0.035,14.181,0.045,14.012,0.06,,2451586.5514
"AAA",45588522,"03423045-6007480 ",55.626908,-60.13002,0.09,0.08,90,14.072,0.033,13.835,0.047,13.825,0.059,,2451494.8214
"AAA",20464418,"05260394-6602368 ",81.516429,-66.043579,0.08,0.07,0,13.972,0.029,13.56,0.031,13.492,0.049,,2451583.6072
"AAA",18100141,"05400633-6652229 ",85.026405,-66.873039,0.07,0.07,90,14.318,0.033,14.064,0.047,14.128,0.082,,2450891.5701
"AAA",19961449,"05251943-6612439 ",81.33097,-66.212212,0.1,0.07,1,14.271,0.033,14.031,0.051,13.895,0.054,,2451583.5982
"BUU",17120402,"06543871-6714508 ",103.661294,-67.247452,0.15,0.13,21,16.453,0.11,16.023,,15.048,,,2451156.686
"AAA",19685021,"05232200-6618240 ",80.841675,-66.306694,0.09,0.07,1,14.594,0.04,14.303,0.046,14.121,0.07,,2451583.5973
"AAA",18337886,"05272012-6647066 ",81.833836,-66.785172,0.08,0.06,2,14.465,0.041,14.099,0.051,14.106,0.075,,2451583.6084
"AAB",20980953,"05273620-6552573 ",81.900834,-65.882607,0.09,0.08,90,15.026,0.04,14.798,0.075,14.844,0.148,,2451157.6532
"AAB",21368266,"05104179-6545393 ",77.674166,-65.760918,0.08,0.07,83,14.977,0.037,14.61,0.079,14.738,0.121,,2451207.5588
"AAB",20217033,"05383619-6607334 ",84.650827,-66.125954,0.21,0.09,0,15.022,0.043,14.718,0.089,14.592,0.109,,2450891.5617
"AAB",24811351,"04503235-6444084 ",72.634824,-64.73568,0.07,0.07,17,14.909,0.033,14.674,0.06,14.695,0.11,,2451115.7516
"AAC",21576916,"05364479-6541405 ",84.186644,-65.694611,0.09,0.07,2,15.1,0.062,14.707,0.092,14.929,0.167,,2451157.717
"AAA",19310236,"04542654-6626125 ",73.610617,-66.436821,0.09,0.08,2,11.625,0.023,11.374,0.026,11.335,0.023,,2451111.7666
"AAA",20178570,"05215899-6608200 ",80.495795,-66.138901,0.08,0.07,2,14.405,0.036,13.981,0.047,13.94,0.066,,2451167.7725
"AAA",18211784,"05071762-6649544 ",76.823449,-66.831787,0.06,0.06,17,14.67,0.026,14.232,0.05,14.12,0.058,,2451111.8234
"AAA",19964284,"05062684-6612405 ",76.611874,-66.211273,0.07,0.07,58,14.399,0.056,14.105,0.083,14.147,0.068,,2451111.8229
"AAA",20429492,"05362625-6603184 ",84.10941,-66.05513,0.1,0.09,2,14.708,0.039,14.309,0.048,14.397,0.093,,2451580.5886
"AAA",50480451,"03411949-5910265 ",55.331248,-59.174042,0.06,0.06,90,14.129,0.032,13.873,0.032,13.854,0.051,,2451484.7558
"AAB",20649664,"05220642-6559012 ",80.526791,-65.983688,0.09,0.08,3,15.015,0.059,14.778,0.07,14.784,0.139,,2451167.7726
"AAB",21401738,"05074040-6545006 ",76.91834,-65.750183,0.08,0.07,0,15.037,0.041,14.707,0.079,14.632,0.108,,2451207.5484
"AAA",19941405,"05115388-6613084 ",77.974525,-66.219017,0.13,0.07,0,14.455,0.041,14.252,0.065,14.179,0.071,,2451112.7324
"AAB",18573489,"05314292-6641566 ",82.928843,-66.699081,0.08,0.07,0,15.003,0.04,14.631,0.076,14.584,0.117,,2451630.5366
"AAB",18419449,"05293711-6645183 ",82.404639,-66.755096,0.07,0.07,17,15.467,0.08,14.879,0.107,14.595,0.103,,2451625.5251
"AAC",18078236,"05380898-6652520 ",84.537446,-66.881119,0.09,0.08,135,15.213,0.056,14.837,0.083,15.051,0.178,,2451580.5971
"AAA",18921654,"05223344-6634261 ",80.639337,-66.573944,0.09,0.06,1,13.61,0.027,13.276,0.037,13.095,0.039,,2451167.7722
"AAA",19451872,"05115346-6623150 ",77.972763,-66.38752,0.11,0.08,1,14.619,0.038,14.403,0.059,14.368,0.089,,2451112.7325
"AAA",20374103,"04515466-6604249 ",72.977755,-66.073601,0.21,0.13,0,13.912,0.032,13.464,0.033,13.584,0.051,,2451111.756
"AAA",26072645,"07192418-6423137 ",109.850759,-64.387154,0.07,0.06,7,13.589,0.03,13.465,0.038,13.361,0.035,,2451531.7229
"AAA",20566302,"05105339-6600357 ",77.722488,-66.009926,0.11,0.07,1,14.88,0.043,14.628,0.078,14.451,0.105,,2451112.7316
"AAA",21472277,"05054777-6543401 ",76.449043,-65.727806,0.08,0.07,5,14.999,0.051,14.6,0.079,14.564,0.108,,2451207.5387
"AAA",21393836,"05382927-6545097 ",84.621964,-65.752716,0.08,0.08,0,12.034,0.026,11.871,0.032,11.782,0.03,,2451157.7267
"AAA",18744859,"05181461-6638136 ",79.560887,-66.637131,0.07,0.06,5,13.718,0.029,13.255,0.032,13.174,0.043,,2451167.7542
"AAA",18344938,"07250758-6646574 ",111.281591,-66.782616,0.07,0.06,0,12.671,0.023,12.202,0.022,12.146,0.027,,2451529.7259
"AAB",19245393,"05392881-6627345 ",84.870071,-66.459587,0.2,0.08,0,14.895,0.056,14.614,0.094,14.527,0.106,,2450891.5619
"AAA",19758418,"06321085-6616529 ",98.045233,-66.281387,0.08,0.06,2,13.868,0.027,13.556,0.032,13.453,0.046,,2451155.8077
"AAA",19855262,"05014256-6614537 ",75.427373,-66.248268,0.09,0.08,4,14.656,0.037,14.29,0.055,14.352,0.078,,2451111.8035
"AAB",19641202,"05062588-6619184 ",76.607836,-66.321785,0.08,0.07,11,14.832,0.042,14.42,0.042,14.644,0.105,,2451111.823
"AAB",21731727,"05325894-6538454 ",83.245612,-65.645958,0.08,0.07,85,14.797,0.047,14.553,0.064,14.749,0.128,,2451157.6899
"AAA",17749388,"05512418-6700164 ",87.850761,-67.004562,0.16,0.1,0,14.762,0.038,14.338,0.047,14.331,0.092,,2450893.5714
"AAA",20751972,"05220967-6557082 ",80.540294,-65.952278,0.13,0.08,1,14.251,0.035,14.016,0.05,13.991,0.076,,2451157.6246
"AAA",18675940,"05205555-6639433 ",80.231483,-66.662033,0.08,0.06,0,12.495,0.023,12.077,0.026,12.005,0.026,,2451167.7639
"AAA",21763404,"05153847-6538097 ",78.910305,-65.636032,0.08,0.07,11,14.24,0.028,14.001,0.035,14.293,0.089,,2451592.5782
"ABC",18292056,"04574325-6648075 ",74.430217,-66.802101,0.13,0.12,77,15.819,0.087,15.5,0.148,15.16,0.159,,2451111.7766
"AAC",18358004,"05161857-6646399 ",79.077411,-66.777763,0.08,0.07,4,15.326,0.048,14.961,0.092,14.945,0.15,,2451167.7446
"AAA",18083996,"06031883-6652442 ",90.828477,-66.87896,0.06,0.06,90,14.133,0.026,13.697,0.037,13.803,0.054,,2451112.8066
"AAA",19172506,"05324916-6629064 ",83.20487,-66.485115,0.08,0.06,87,15.039,0.06,14.598,0.073,14.4,0.091,,2451580.5779
"AAA",18302770,"06204579-6647533 ",95.190831,-66.798141,0.06,0.06,90,13.525,0.024,13.25,0.029,13.176,0.037,,2451155.7527
"BCU",26487456,"04354396-6416337 ",68.933205,-64.276039,0.18,0.17,169,16.723,0.129,16.089,0.169,16.491,,,2451114.8492
"AAA",23141769,"05182201-6513015 ",79.591715,-65.217087,0.07,0.07,23,14.867,0.049,14.514,0.058,14.272,0.079,,2451592.5891
"AAB",22734647,"05155592-6520182 ",78.983021,-65.338402,0.08,0.07,85,15.091,0.051,14.968,0.071,14.885,0.141,,2451592.578
"AAA",23849163,"05193139-6500340 ",79.880807,-65.009453,0.07,0.07,17,14.922,0.043,14.625,0.053,14.481,0.097,,2451592.5972
"AAA",22044303,"05175657-6532553 ",79.485737,-65.548714,0.08,0.08,0,14.799,0.046,14.399,0.051,14.381,0.091,,2451592.5879
"ABC",19892825,"05084386-6614080 ",77.18276,-66.235558,0.13,0.09,3,15.859,0.086,15.338,0.125,15.051,0.161,,2451112.7227
"AAA",18803568,"05072674-6636583 ",76.861427,-66.616219,0.07,0.06,84,14.729,0.042,14.365,0.056,14.283,0.076,,2451111.8232
"AAB",22502368,"04220409-6524311 ",65.51706,-65.408646,0.09,0.08,7,15.515,0.059,15.321,0.09,15.051,0.132,,2451114.7669
"AAA",18228492,"05243474-6649320 ",81.144782,-66.825562,0.07,0.06,0,14.649,0.044,14.383,0.035,14.478,0.086,,2451583.5987
"AAA",19880362,"05292561-6614232 ",82.35674,-66.239784,0.07,0.06,0,12.318,0.027,11.946,0.023,11.816,0.026,,2451625.5247
"AAA",21226879,"04522568-6548206 ",73.107,-65.80574,0.07,0.06,7,14.65,0.04,14.249,0.042,14.163,0.081,,2451115.7621
"AAA",19578850,"05022189-6620361 ",75.591219,-66.343384,0.07,0.07,45,14.3,0.033,14.046,0.049,13.98,0.074,,2451111.8036
"AAA",20674494,"05283255-6558337 ",82.135652,-65.976028,0.08,0.06,0,14.524,0.035,14.17,0.049,14.049,0.064,,2451586.5508
"AAA",19346507,"05101558-6625277 ",77.564952,-66.424385,0.09,0.06,0,13.312,0.031,12.999,0.03,12.912,0.04,,2451112.7313
"AAA",18424324,"05371735-6645119 ",84.322297,-66.753311,0.07,0.06,0,13.323,0.024,12.946,0.032,12.921,0.033,,2451580.5891
"AAB",22559965,"05183624-6523282 ",79.651016,-65.391182,0.08,0.07,7,15.25,0.05,14.887,0.078,14.699,0.129,,2451592.589
"AAA",19326046,"05281116-6625528 ",82.046539,-66.431335,0.07,0.06,0,14.111,0.029,13.815,0.038,13.777,0.045,,2451586.5511
"AAA",22281126,"05134856-6528335 ",78.452373,-65.475998,0.08,0.06,3,14.638,0.044,14.297,0.073,14.153,0.088,,2451157.5775
"ABC",19708954,"05475468-6617543 ",86.977855,-66.298439,0.15,0.11,0,15.703,0.06,15.545,0.133,15.221,0.197,,2450893.5602
"ABC",21075720,"05175653-6551142 ",79.485554,-65.853966,0.13,0.12,7,15.757,0.071,15.543,0.132,15.145,0.151,,2451592.5881
"AAA",19637701,"04553026-6619227 ",73.876088,-66.322983,0.11,0.09,2,13.649,0.026,13.171,0.03,13.103,0.038,,2451111.7666
"AAA",21383684,"05124701-6545214 ",78.195904,-65.755966,0.12,0.08,0,14.845,0.048,14.584,0.075,14.349,0.099,,2451604.5512
"AAA",18350040,"05321029-6646506 ",83.042886,-66.780739,0.07,0.06,4,14.163,0.033,13.868,0.04,13.758,0.05,,2451630.5365
"ABC",18323506,"05202028-6647257 ",80.08453,-66.790482,0.1,0.09,4,15.586,0.08,15.285,0.139,15.101,0.173,,2451167.7623
"AAB",19602432,"05110085-6620065 ",77.753569,-66.335152,0.1,0.07,1,14.962,0.042,14.61,0.072,14.607,0.111,,2451112.7314
"AAC",18264068,"05040510-6648449 ",76.021285,-66.812485,0.08,0.08,135,15.306,0.053,15.14,0.103,15.262,0.199,,2451111.8137
"AAA",25265345,"03350643-6436306 ",53.776792,-64.608505,0.06,0.06,90,13.823,0.028,13.678,0.032,13.538,0.038,,2451516.5984
"AAA",22066950,"05291430-6532302 ",82.309614,-65.541733,0.08,0.07,7,15.025,0.054,14.75,0.083,14.486,0.106,,2451157.6704
"AAA",23003263,"05153879-6515297 ",78.911646,-65.258263,0.07,0.07,45,14.827,0.039,14.512,0.062,14.557,0.099,,2451592.5779
"AAA",18306446,"05325700-6647483 ",83.237523,-66.796768,0.07,0.06,90,14.183,0.03,13.801,0.034,13.679,0.046,,2451580.5777
"ABC",19768984,"05101426-6616399 ",77.559431,-66.277763,0.14,0.14,82,15.924,0.092,15.5,0.152,15.211,0.201,,2451112.7314
"ACU",26954181,"04160508-6409125 ",64.021175,-64.153481,0.19,0.17,6,16.368,0.103,16.13,0.163,14.973,,,2451114.7292
"BDU",21561479,"05343205-6541584 ",83.633546,-65.699577,0.32,0.28,163,16.286,0.122,16.174,0.26,15.742,,,2451157.6907
"EEA",19099618,"05185594-6630384 ",79.733108,-66.510689,0.07,0.06,5,13.366,0.043,12.836,0.046,12.686,0.046,,2451167.7541
"AAA",17449936,"05420303-6707070 ",85.51264,-67.118614,0.09,0.08,90,13.849,0.029,13.514,0.04,13.479,0.049,,2450891.5739
"AAA",22224880,"05322761-6529353 ",83.115083,-65.493164,0.07,0.07,8,14.086,0.03,13.773,0.021,13.939,0.071,,2451157.6812
"AAB",19735000,"05364688-6617220 ",84.19536,-66.289459,0.09,0.08,3,15.044,0.061,14.699,0.068,14.734,0.114,,2451580.5887
"AAA",22101207,"05111754-6531523 ",77.823093,-65.531204,0.07,0.07,45,14.758,0.03,14.429,0.057,14.148,0.076,,2451207.5677
"ABU",19803441,"05384816-6615574 ",84.700694,-66.265968,0.24,0.16,180,16.08,0.095,15.584,0.134,15.157,,,2450891.5618
"AAA",22113180,"05123586-6531390 ",78.149432,-65.527504,0.08,0.06,2,14.672,0.055,14.312,0.069,14.106,0.07,,2451604.5511
"AAA",17767815,"06473954-6659514 ",101.914769,-66.997635,0.09,0.06,0,11.886,0.027,11.582,0.023,11.531,0.023,,2451156.6489
"AAC",17550402,"05445557-6704480 ",86.23155,-67.080025,0.13,0.07,179,15.316,0.06,14.889,0.083,14.846,0.164,,2450893.5499
"AAA",19578998,"05212408-6620360 ",80.350361,-66.343338,0.07,0.07,8,13.626,0.026,13.241,0.032,13.149,0.038,,2451167.7637
"AAA",20812644,"05152804-6556016 ",78.866859,-65.933784,0.07,0.06,0,14.47,0.033,14.191,0.05,14.126,0.073,,2451592.5784
"AAA",28050447,"03282292-6352181 ",52.095528,-63.871719,0.07,0.06,0,13.649,0.026,13.29,0.023,13.348,0.043,,2451520.6065
"AAB",21649931,"05121458-6540175 ",78.060777,-65.671555,0.11,0.07,0,14.963,0.051,14.686,0.05,14.818,0.136,,2451604.5512
"AAA",19960746,"05152071-6612448 ",78.836333,-66.212448,0.07,0.07,45,13.841,0.04,13.548,0.05,13.517,0.051,,2451112.7509
"ADD",17454303,"05054675-6707009 ",76.444831,-67.116928,0.24,0.23,5,16.043,0.097,16.075,0.21,15.407,0.221,,2451111.8214
"AAA",23985759,"05155839-6458132 ",78.993328,-64.970352,0.07,0.07,90,14.973,0.045,14.543,0.063,14.502,0.099,,2451592.5777
"DBC",23111575,"05214742-6513338 ",80.447596,-65.226082,0.12,0.11,78,14.639,0.898,14.317,0.152,14.195,0.215,,2451157.6236
"AAA",19772512,"05071970-6616356 ",76.832116,-66.276566,0.07,0.06,5,14.871,0.038,14.583,0.058,14.221,0.077,,2451111.823
"AAA",19651980,"05164086-6619050 ",79.170252,-66.318069,0.08,0.08,8,14.681,0.036,14.333,0.064,14.417,0.094,,2451167.7442
"ACU",20378633,"05303348-6604196 ",82.63951,-66.072128,0.15,0.11,2,15.763,0.098,15.798,0.199,14.926,,,2451602.5482
"AAA",22339193,"05134230-6527302 ",78.426274,-65.458389,0.08,0.07,7,14.81,0.057,14.521,0.081,14.391,0.097,,2451157.5775
"BCD",39080845,"08095150-6125346 ",122.464613,-61.426292,0.34,0.3,20,16.532,0.133,16.08,0.198,15.78,0.249,,2451545.6977
"AAA",19504996,"05244780-6622083 ",81.199178,-66.368988,0.09,0.08,0,14.849,0.042,14.652,0.068,14.601,0.1,,2451583.5983
"AAA",22381324,"05183152-6526437 ",79.631365,-65.445488,0.07,0.06,7,14.081,0.035,13.72,0.027,13.573,0.046,,2451592.5889
"AAA",17913107,"05424807-6656338 ",85.70031,-66.942734,0.16,0.06,0,14.005,0.024,13.757,0.05,13.754,0.058,,2450893.5403
"AAA",18645215,"05301885-6640230 ",82.578574,-66.673065,0.08,0.06,0,14.486,0.035,14.103,0.051,13.982,0.071,,2451602.5487
"ABU",18837258,"05140412-6636146 ",78.517208,-66.604057,0.11,0.09,0,15.842,0.076,15.326,0.137,15.394,,,2451112.7424
"AAB",21799069,"05075042-6537293 ",76.960115,-65.624817,0.07,0.07,0,15.104,0.056,14.855,0.077,14.682,0.11,,2451207.5483
"AAB",19588296,"05420576-6620242 ",85.524001,-66.34008,0.11,0.08,87,14.943,0.041,14.547,0.067,14.666,0.131,,2450891.5733
"AAA",19822862,"05144366-6615336 ",78.681953,-66.259346,0.07,0.07,45,14.73,0.048,14.494,0.07,14.203,0.092,,2451112.7509
"AAA",19536425,"05065212-6621291 ",76.717179,-66.358109,0.08,0.06,3,14.714,0.038,14.495,0.077,14.401,0.086,,2451111.823
"AAB",18429819,"04551235-6645046 ",73.801479,-66.751305,0.07,0.07,17,15.139,0.048,14.989,0.096,14.746,0.109,,2451111.7669
"AAA",20036438,"05302239-6611123 ",82.593324,-66.18676,0.1,0.07,1,14.419,0.037,14.098,0.053,14.047,0.071,,2451602.5483
"AAB",18877637,"05292053-6635228 ",82.335547,-66.589676,0.08,0.07,0,15.129,0.048,14.768,0.072,14.644,0.114,,2451625.525
"AAA",20146375,"05271174-6608589 ",81.798955,-66.149712,0.08,0.07,86,14.611,0.04,14.445,0.048,14.373,0.08,,2451583.6079
"AAA",21033995,"04502971-6551595 ",72.623829,-65.866554,0.07,0.06,4,14.505,0.033,14.162,0.039,14.182,0.063,,2451115.7524
"ABB",22884254,"05051693-6517368 ",76.32056,-65.293564,0.08,0.08,90,15.494,0.062,15.308,0.138,14.917,0.144,,2451207.53
"AAA",22939560,"04551355-6516380 ",73.806465,-65.277245,0.07,0.06,84,14.657,0.038,14.335,0.043,14.397,0.087,,2451115.7728
"AAC",18197849,"05395899-6650132 ",84.995821,-66.837013,0.08,0.08,45,15.446,0.066,14.975,0.088,14.95,0.146,,2450891.5701
"AAA",17856858,"05413836-6657502 ",85.409874,-66.963966,0.1,0.08,90,14.568,0.043,13.87,0.05,13.646,0.053,,2450891.5738
"AAA",19123660,"05112603-6630080 ",77.858484,-66.502243,0.09,0.07,0,13.843,0.025,13.412,0.037,13.346,0.039,,2451112.7326
"ABU",18764074,"05060714-6637491 ",76.529763,-66.63031,0.12,0.11,4,15.768,0.085,15.535,0.131,15.825,,,2451111.8218
"AAB",20087760,"05091283-6610098 ",77.303478,-66.169411,0.12,0.06,1,14.897,0.035,14.61,0.066,14.636,0.126,,2451112.7226
"AAA",20848140,"05315826-6555224 ",82.992789,-65.922897,0.07,0.07,45,15.159,0.057,14.697,0.073,14.241,0.092,,2451630.5371
"AAA",25117940,"05022282-6438587 ",75.595085,-64.649651,0.07,0.07,45,14.943,0.035,14.824,0.068,14.694,0.103,,2451115.8167
"AAU",19395953,"05025212-6624258 ",75.717171,-66.407181,0.09,0.08,112,15.073,0.062,14.926,0.091,14.402,,,2451111.8122
"AAA",19427528,"05352267-6623461 ",83.844484,-66.396149,0.08,0.07,2,14.21,0.03,13.945,0.042,13.932,0.058,,2451580.5877
"AAB",19518848,"04585649-6621509 ",74.735415,-66.364159,0.08,0.07,5,15.036,0.049,14.723,0.07,14.734,0.109,,2451111.7849
"AAA",20104141,"05332706-6609498 ",83.362775,-66.163857,0.08,0.08,45,14.813,0.043,14.499,0.052,14.443,0.098,,2451580.5782
"AAB",19387932,"05102378-6624359 ",77.599097,-66.409973,0.1,0.07,1,14.885,0.043,14.5,0.07,14.643,0.104,,2451112.7313
"AAB",20082354,"05131371-6610164 ",78.307163,-66.171227,0.09,0.08,88,15.308,0.052,15.12,0.07,15.031,0.149,,2451490.7862
"AAA",20683449,"05342726-6558236 ",83.613613,-65.973236,0.09,0.08,6,15.029,0.037,14.7,0.053,14.594,0.107,,2451580.5788
"AAA",18714694,"05174241-6638529 ",79.426715,-66.648041,0.07,0.06,4,14.024,0.038,13.829,0.054,13.755,0.062,,2451167.7527
"AAA",19455061,"05445708-6623110 ",86.237874,-66.386414,0.1,0.07,2,14.517,0.035,14.237,0.049,14.017,0.067,,2450893.5504
"BCD",22038742,"06462647-6533013 ",101.61031,-65.550369,0.34,0.28,84,16.109,0.114,15.843,0.169,15.624,0.233,,2451604.5687
"AAA",18859416,"05094792-6635460 ",77.449681,-66.596123,0.07,0.06,0,14.165,0.03,13.91,0.04,13.888,0.054,,2451112.7229
"AAB",21901368,"04443093-6535347 ",71.128875,-65.592979,0.09,0.08,90,15.257,0.054,15.075,0.093,14.675,0.116,,2451115.7154
"AAA",19681836,"04524923-6618279 ",73.205126,-66.307762,0.11,0.09,1,14.88,0.047,14.467,0.067,14.447,0.098,,2451111.7568
"AAA",22361767,"05132667-6527051 ",78.361127,-65.451439,0.08,0.07,7,14.816,0.047,14.49,0.061,14.469,0.102,,2451157.5775
"AAA",23032211,"05181512-6514590 ",79.563041,-65.249741,0.08,0.07,4,14.956,0.047,14.698,0.082,14.585,0.096,,2451592.5891
"ABC",17867509,"06073055-6657359 ",91.877333,-66.959991,0.09,0.09,45,15.854,0.081,15.425,0.119,15.093,0.162,,2451112.8261
"AAA",19906385,"05030806-6613514 ",75.783619,-66.230949,0.07,0.06,90,11.729,0.023,11.391,0.025,11.281,0.025,,2451111.8124
"AAA",18132926,"05081252-6651392 ",77.052184,-66.860901,0.19,0.06,0,14.462,0.036,14.104,0.047,14.026,0.068,,2451112.7213
"AAA",19646406,"04592238-6619120 ",74.84325,-66.32,0.08,0.06,2,14.598,0.054,14.342,0.054,14.169,0.085,,2451111.786
"AAA",18505851,"04572625-6643249 ",74.359404,-66.723602,0.08,0.06,3,14.539,0.036,14.148,0.046,14.224,0.079,,2451111.7766
"ABA",21030484,"05171147-6552034 ",79.297801,-65.86763,0.1,0.09,0,14.838,0.049,14.62,0.124,14.65,0.101,,2451592.5881
"AAA",19557332,"05023560-6621030 ",75.64835,-66.350838,0.08,0.07,86,14.799,0.047,14.527,0.067,14.361,0.085,,2451111.8036
"BCC",18960451,"05303017-6633365 ",82.625727,-66.560143,0.17,0.15,172,16.054,0.106,15.478,0.143,15.192,0.177,,2451602.5486
"AAB",21808859,"05281888-6537185 ",82.07869,-65.621819,0.09,0.08,2,15.3,0.06,14.877,0.096,14.582,0.107,,2451157.6617
"AAA",19546198,"05212079-6621168 ",80.336634,-66.354683,0.08,0.07,0,14.906,0.042,14.493,0.068,14.422,0.093,,2451167.7637
"AAB",18150926,"05104968-6651154 ",77.707003,-66.854279,0.09,0.07,3,14.905,0.043,14.745,0.068,14.766,0.123,,2451112.731
"AAA",19922156,"05434574-6613321 ",85.940601,-66.225594,0.17,0.09,0,14.671,0.032,14.398,0.059,14.411,0.097,,2450893.5417
"AAA",21412103,"05330161-6544490 ",83.25671,-65.746948,0.07,0.07,82,14.132,0.035,13.834,0.037,13.797,0.068,,2451157.69
"AAB",22418460,"05071867-6526029 ",76.82783,-65.434158,0.08,0.08,0,15.088,0.05,14.91,0.093,14.772,0.131,,2451207.5396
"AAA",22853187,"05214117-6518103 ",80.421575,-65.302887,0.07,0.06,7,14.164,0.032,13.809,0.041,13.655,0.053,,2451157.6237
"AAA",19964034,"04595843-6612408 ",74.99349,-66.211349,0.08,0.08,8,14.822,0.042,14.523,0.055,14.483,0.1,,2451111.7859
